,filename,filecategory,fileloc,ExpectedFaces,haarcascade-MS,haarcascade-FindingFace,dnn-MS,dnn-FindingFace,hogdlib-MS,hogdlib-FindingFace,cnndlib-MS,cnndlib-FindingFace
0,00_01.jpg,00,/home/pi/LAP/ImgsPart/for_face_detection/00/00_01.jpg,187,71.72341346740723,0,21.323776245117188,0,8.70044231414795,0,437.0486259460449,0
1,00_02.jpg,00,/home/pi/LAP/ImgsPart/for_face_detection/00/00_02.jpg,4,68.26777458190918,2,16.491150856018066,0,13.553833961486816,0,632.9253673553467,0
2,00_03.jpg,00,/home/pi/LAP/ImgsPart/for_face_detection/00/00_03.jpg,18,113.32638263702393,14,16.41867160797119,0,12.865066528320312,0,625.0399589538574,0
3,00_04.jpg,00,/home/pi/LAP/ImgsPart/for_face_detection/00/00_04.jpg,104,125.6706714630127,21,16.39113426208496,0,11.965274810791016,0,596.2156295776367,0
4,00_05.jpg,00,/home/pi/LAP/ImgsPart/for_face_detection/00/00_05.jpg,6,79.65497970581055,3,16.930389404296875,0,16.077327728271484,0,701.5911340713501,0
5,00_06.jpg,00,/home/pi/LAP/ImgsPart/for_face_detection/00/00_06.jpg,120,79.9124002456665,11,19.408106803894043,0,10.548901557922363,0,542.3594951629639,0
6,00_07.jpg,00,/home/pi/LAP/ImgsPart/for_face_detection/00/00_07.jpg,12,90.90352058410645,4,16.622424125671387,0,13.762378692626953,0,701.5360832214355,0
7,00_08.jpg,00,/home/pi/LAP/ImgsPart/for_face_detection/00/00_08.jpg,26,97.0684289932251,16,16.39876365661621,0,12.330222129821777,0,629.4906377792358,0
8,00_09.jpg,00,/home/pi/LAP/ImgsPart/for_face_detection/00/00_09.jpg,6,103.48207950592041,12,16.38462543487549,5,13.741707801818848,5,694.9556589126587,6
9,00_10.jpg,00,/home/pi/LAP/ImgsPart/for_face_detection/00/00_10.jpg,24,99.79128837585449,15,17.136502265930176,15,11.686348915100098,2,585.9059810638428,11
10,01_01.jpg,01,/home/pi/LAP/ImgsPart/for_face_detection/01/01_01.jpg,4,93.5072660446167,1,19.03359889984131,2,14.028358459472656,1,718.4304475784302,2
11,01_02.jpg,01,/home/pi/LAP/ImgsPart/for_face_detection/01/01_02.jpg,5,63.29076290130615,2,16.46139621734619,1,10.7896089553833,1,482.5653076171875,1
12,01_03.jpg,01,/home/pi/LAP/ImgsPart/for_face_detection/01/01_03.jpg,10,70.279860496521,3,16.344237327575684,0,10.743546485900879,0,521.3308334350586,0
13,02_01.jpg,02,/home/pi/LAP/ImgsPart/for_face_detection/02/02_01.jpg,10,73.38237762451172,9,16.39418601989746,7,12.564754486083984,5,621.0748195648193,7
14,02_02.jpg,02,/home/pi/LAP/ImgsPart/for_face_detection/02/02_02.jpg,13,80.93461990356445,14,18.92845630645752,0,11.178970336914062,0,570.1763153076172,0
15,02_03.jpg,02,/home/pi/LAP/ImgsPart/for_face_detection/02/02_03.jpg,9,90.07024765014648,7,18.007659912109375,3,13.730478286743164,2,698.8116502761841,0
16,02_04.jpg,02,/home/pi/LAP/ImgsPart/for_face_detection/02/02_04.jpg,9,73.60179424285889,7,17.00723171234131,5,12.669825553894043,6,622.0139026641846,4
17,02_05.jpg,02,/home/pi/LAP/ImgsPart/for_face_detection/02/02_05.jpg,1,56.54950141906738,1,16.434049606323242,1,12.570977210998535,0,622.8982210159302,1
18,02_06.jpg,02,/home/pi/LAP/ImgsPart/for_face_detection/02/02_06.jpg,6,100.00653266906738,5,16.84730052947998,4,10.446643829345703,3,520.6565141677856,2
19,02_07.jpg,02,/home/pi/LAP/ImgsPart/for_face_detection/02/02_07.jpg,8,113.88046741485596,8,16.6154146194458,7,17.394399642944336,7,760.1637125015259,5
20,03_01.jpg,03,/home/pi/LAP/ImgsPart/for_face_detection/03/03_01.jpg,4,55.495405197143555,3,16.864824295043945,4,12.569403648376465,4,635.6142044067383,4
21,03_02.jpg,03,/home/pi/LAP/ImgsPart/for_face_detection/03/03_02.jpg,4,64.31729793548584,4,17.4238920211792,0,12.546467781066895,0,624.8324394226074,0
22,03_03.jpg,03,/home/pi/LAP/ImgsPart/for_face_detection/03/03_03.jpg,4,67.2642707824707,5,16.627812385559082,4,12.581777572631836,4,622.0189571380615,4
23,03_04.jpg,03,/home/pi/LAP/ImgsPart/for_face_detection/03/03_04.jpg,2,72.27983474731445,2,16.840457916259766,2,12.53514289855957,1,620.5320596694946,2
24,03_05.jpg,03,/home/pi/LAP/ImgsPart/for_face_detection/03/03_05.jpg,5,96.40071392059326,8,16.742658615112305,5,13.093209266662598,1,642.8039789199829,5
25,03_06.jpg,03,/home/pi/LAP/ImgsPart/for_face_detection/03/03_06.jpg,5,197.4198579788208,7,17.086029052734375,3,28.888845443725586,5,1504.0702819824219,5
26,03_07.jpg,03,/home/pi/LAP/ImgsPart/for_face_detection/03/03_07.jpg,6,57.35516548156738,6,16.83790683746338,0,12.291789054870605,0,921.9642400741577,0
27,04_01.jpg,04,/home/pi/LAP/ImgsPart/for_face_detection/04/04_01.jpg,7,86.27908229827881,13,16.73581600189209,3,13.604736328125,2,692.0640468597412,0
28,04_02.jpg,04,/home/pi/LAP/ImgsPart/for_face_detection/04/04_02.jpg,13,87.24989891052246,10,16.89937114715576,0,11.883997917175293,0,588.583517074585,0
29,04_03.jpg,04,/home/pi/LAP/ImgsPart/for_face_detection/04/04_03.jpg,35,97.53930568695068,27,16.771960258483887,0,12.759256362915039,0,618.6023235321045,0
30,04_04.jpg,04,/home/pi/LAP/ImgsPart/for_face_detection/04/04_04.jpg,5,83.56525897979736,5,17.09620952606201,5,13.380837440490723,0,684.9302053451538,5
31,04_05.jpg,04,/home/pi/LAP/ImgsPart/for_face_detection/04/04_05.jpg,10,76.76186561584473,7,17.212986946105957,4,14.215445518493652,4,708.2726001739502,6
32,04_06.jpg,04,/home/pi/LAP/ImgsPart/for_face_detection/04/04_06.jpg,14,48.316216468811035,9,16.576075553894043,0,14.859437942504883,0,684.9592685699463,0
33,04_07.jpg,04,/home/pi/LAP/ImgsPart/for_face_detection/04/04_07.jpg,6,102.97126770019531,10,16.38360023498535,6,16.915607452392578,6,790.4016017913818,6
34,06_01.jpg,06,/home/pi/LAP/ImgsPart/for_face_detection/06/06_01.jpg,6,71.97341918945312,3,16.39559268951416,2,14.37678337097168,0,719.3450212478638,3
35,06_02.jpg,06,/home/pi/LAP/ImgsPart/for_face_detection/06/06_02.jpg,17,100.82898139953613,16,16.52393341064453,1,12.978911399841309,0,635.2431535720825,1
36,06_03.jpg,06,/home/pi/LAP/ImgsPart/for_face_detection/06/06_03.jpg,6,101.88548564910889,5,18.360066413879395,2,13.996338844299316,0,718.858003616333,0
37,06_04.jpg,06,/home/pi/LAP/ImgsPart/for_face_detection/06/06_04.jpg,6,124.48854446411133,8,18.163490295410156,4,23.166942596435547,4,1440.8153772354126,6
38,06_05.jpg,06,/home/pi/LAP/ImgsPart/for_face_detection/06/06_05.jpg,14,62.45615482330322,14,16.314077377319336,0,17.781901359558105,2,812.865948677063,0
39,06_06.jpg,06,/home/pi/LAP/ImgsPart/for_face_detection/06/06_06.jpg,6,79.37769889831543,4,16.271495819091797,0,15.124201774597168,0,764.1981601715088,0
40,06_07.jpg,06,/home/pi/LAP/ImgsPart/for_face_detection/06/06_07.jpg,11,48.67122173309326,9,17.058563232421875,9,10.091495513916016,8,554.8319101333618,5
41,06_08.jpg,06,/home/pi/LAP/ImgsPart/for_face_detection/06/06_08.jpg,8,69.04492378234863,0,17.567038536071777,4,12.426471710205078,1,634.5169544219971,3
42,06_09.jpg,06,/home/pi/LAP/ImgsPart/for_face_detection/06/06_09.jpg,12,58.52518081665039,8,16.836166381835938,9,10.602879524230957,7,518.3206796646118,10
43,06_10.jpg,06,/home/pi/LAP/ImgsPart/for_face_detection/06/06_10.jpg,5,65.32130241394043,3,16.23692512512207,3,13.235688209533691,0,660.231351852417,0
44,07_01.jpg,07,/home/pi/LAP/ImgsPart/for_face_detection/07/07_01.jpg,19,114.01143074035645,18,16.610312461853027,13,18.28312873840332,16,1003.4322738647461,18
45,07_02.jpg,07,/home/pi/LAP/ImgsPart/for_face_detection/07/07_02.jpg,12,95.32358646392822,13,16.516542434692383,0,14.359402656555176,0,634.6286773681641,0
46,07_03.jpg,07,/home/pi/LAP/ImgsPart/for_face_detection/07/07_03.jpg,17,89.01903629302979,7,17.98579692840576,3,12.14754581451416,2,594.615888595581,0
47,07_04.jpg,07,/home/pi/LAP/ImgsPart/for_face_detection/07/07_04.jpg,6,75.1499891281128,4,16.495227813720703,3,13.83213996887207,1,679.9929857254028,5
48,07_05.jpg,07,/home/pi/LAP/ImgsPart/for_face_detection/07/07_05.jpg,11,75.76234340667725,10,16.35916233062744,3,14.066290855407715,4,693.5744047164917,2
49,07_06.jpg,07,/home/pi/LAP/ImgsPart/for_face_detection/07/07_06.jpg,6,188.19968700408936,11,16.713762283325195,2,26.88753604888916,5,1403.2929182052612,6
50,07_07.jpg,07,/home/pi/LAP/ImgsPart/for_face_detection/07/07_07.jpg,10,31.249213218688965,10,17.407512664794922,5,5.5297136306762695,9,265.49975872039795,9
51,07_08.jpg,07,/home/pi/LAP/ImgsPart/for_face_detection/07/07_08.jpg,9,63.52252960205078,9,17.634940147399902,8,14.273595809936523,8,695.8298206329346,8
52,07_09.jpg,07,/home/pi/LAP/ImgsPart/for_face_detection/07/07_09.jpg,7,59.36074256896973,9,16.62454605102539,7,15.257549285888672,7,692.5941228866577,7
53,09_01.jpg,09,/home/pi/LAP/ImgsPart/for_face_detection/09/09_01.jpg,15,63.50083351135254,18,16.709256172180176,0,12.380003929138184,0,616.2927865982056,0
54,09_02.jpg,09,/home/pi/LAP/ImgsPart/for_face_detection/09/09_02.jpg,6,54.05876636505127,2,16.64295196533203,0,12.354254722595215,0,610.614275932312,0
55,09_03.jpg,09,/home/pi/LAP/ImgsPart/for_face_detection/09/09_03.jpg,2,97.04487323760986,5,17.77033805847168,2,27.35161781311035,2,1399.0639448165894,2
56,09_04.jpg,09,/home/pi/LAP/ImgsPart/for_face_detection/09/09_04.jpg,4,74.1478681564331,4,17.337918281555176,3,12.648391723632812,3,602.0254135131836,4
57,10_01.jpg,10,/home/pi/LAP/ImgsPart/for_face_detection/10/10_01.jpg,14,81.41000270843506,5,16.66567325592041,0,11.715388298034668,0,573.8427400588989,0
58,10_02.jpg,10,/home/pi/LAP/ImgsPart/for_face_detection/10/10_02.jpg,3,164.994478225708,3,16.186952590942383,3,30.615949630737305,2,1441.7510271072388,3
59,10_03.jpg,10,/home/pi/LAP/ImgsPart/for_face_detection/10/10_03.jpg,6,92.44029521942139,7,16.593456268310547,4,14.20738697052002,0,629.5290231704712,0
60,10_04.jpg,10,/home/pi/LAP/ImgsPart/for_face_detection/10/10_04.jpg,14,106.59334659576416,8,19.49472427368164,0,14.375758171081543,0,683.2425832748413,0
61,10_05.jpg,10,/home/pi/LAP/ImgsPart/for_face_detection/10/10_05.jpg,14,92.09702014923096,17,16.827702522277832,0,12.62054443359375,0,618.5032367706299,0
62,10_06.jpg,10,/home/pi/LAP/ImgsPart/for_face_detection/10/10_06.jpg,20,106.74159526824951,18,16.609525680541992,0,13.120627403259277,0,624.2185115814209,0
63,10_07.jpg,10,/home/pi/LAP/ImgsPart/for_face_detection/10/10_07.jpg,5,70.1206922531128,3,16.49148464202881,1,13.157081604003906,2,621.4308977127075,2
64,10_08.jpg,10,/home/pi/LAP/ImgsPart/for_face_detection/10/10_08.jpg,8,64.27140235900879,5,16.991662979125977,1,13.430428504943848,2,565.6951189041138,2
65,10_09.jpg,10,/home/pi/LAP/ImgsPart/for_face_detection/10/10_09.jpg,6,89.20071125030518,6,17.811965942382812,1,12.724447250366211,1,621.1696147918701,0
66,11_01.jpg,11,/home/pi/LAP/ImgsPart/for_face_detection/11/11_01.jpg,6,61.53578758239746,2,17.64051914215088,3,12.706351280212402,2,620.5620765686035,5
67,11_02.jpg,11,/home/pi/LAP/ImgsPart/for_face_detection/11/11_02.jpg,11,66.6717529296875,10,16.946101188659668,2,13.94355297088623,2,698.5362768173218,4
68,11_03.jpg,11,/home/pi/LAP/ImgsPart/for_face_detection/11/11_03.jpg,5,71.08643054962158,6,16.627979278564453,5,15.647459030151367,5,784.5501899719238,5
69,11_04.jpg,11,/home/pi/LAP/ImgsPart/for_face_detection/11/11_04.jpg,3,60.53462028503418,1,16.76795482635498,2,11.973738670349121,1,620.0857162475586,3
70,11_05.jpg,11,/home/pi/LAP/ImgsPart/for_face_detection/11/11_05.jpg,9,61.373329162597656,8,16.634058952331543,3,13.943028450012207,2,696.4766025543213,3
71,11_06.jpg,11,/home/pi/LAP/ImgsPart/for_face_detection/11/11_06.jpg,5,58.83822441101074,9,17.784762382507324,5,16.217684745788574,5,699.6592998504639,4
72,11_07.jpg,11,/home/pi/LAP/ImgsPart/for_face_detection/11/11_07.jpg,14,50.11453628540039,14,16.92633628845215,5,8.055472373962402,2,397.2301721572876,1
73,11_08.jpg,11,/home/pi/LAP/ImgsPart/for_face_detection/11/11_08.jpg,16,59.7867488861084,19,17.21951961517334,0,13.816642761230469,0,700.0010967254639,0
74,11_09.jpg,11,/home/pi/LAP/ImgsPart/for_face_detection/11/11_09.jpg,7,65.47737121582031,3,16.79697036743164,3,12.326574325561523,3,623.302149772644,3
75,12_01.jpg,12,/home/pi/LAP/ImgsPart/for_face_detection/12/12_01.jpg,9,82.93018341064453,11,16.75736904144287,4,13.84439468383789,4,695.3255414962769,2
76,12_02.jpg,12,/home/pi/LAP/ImgsPart/for_face_detection/12/12_02.jpg,20,103.32934856414795,23,18.256378173828125,4,12.358570098876953,1,617.4020528793335,0
77,12_03.jpg,12,/home/pi/LAP/ImgsPart/for_face_detection/12/12_03.jpg,14,80.27172088623047,15,16.521739959716797,0,13.901376724243164,5,702.3598670959473,0
78,12_04.jpg,12,/home/pi/LAP/ImgsPart/for_face_detection/12/12_04.jpg,50,75.84784030914307,48,16.487669944763184,0,11.24887466430664,0,508.83991718292236,0
79,12_05.jpg,12,/home/pi/LAP/ImgsPart/for_face_detection/12/12_05.jpg,19,107.45663642883301,18,16.676044464111328,0,13.626766204833984,0,622.1582651138306,0
80,12_06.jpg,12,/home/pi/LAP/ImgsPart/for_face_detection/12/12_06.jpg,3,128.7975311279297,5,16.739869117736816,3,18.530678749084473,3,926.884937286377,3
81,12_07.jpg,12,/home/pi/LAP/ImgsPart/for_face_detection/12/12_07.jpg,9,97.73623943328857,4,18.201923370361328,2,15.081477165222168,1,755.2289962768555,3
82,12_08.jpg,12,/home/pi/LAP/ImgsPart/for_face_detection/12/12_08.jpg,60,95.99494934082031,54,16.826605796813965,0,11.915278434753418,0,570.5227375030518,0
83,12_09.jpg,12,/home/pi/LAP/ImgsPart/for_face_detection/12/12_09.jpg,9,75.96042156219482,9,17.622876167297363,9,16.681480407714844,9,855.5414199829102,9
84,12_10.jpg,12,/home/pi/LAP/ImgsPart/for_face_detection/12/12_10.jpg,6,76.4411449432373,10,16.880249977111816,2,12.858438491821289,1,632.5222492218018,0
85,12_11.jpg,12,/home/pi/LAP/ImgsPart/for_face_detection/12/12_11.jpg,5,70.88465690612793,1,16.63205623626709,3,16.466522216796875,1,657.8126668930054,2
86,12_12.jpg,12,/home/pi/LAP/ImgsPart/for_face_detection/12/12_12.jpg,19,83.02340507507324,22,17.576003074645996,0,12.480664253234863,0,619.7403907775879,0
87,12_13.jpg,12,/home/pi/LAP/ImgsPart/for_face_detection/12/12_13.jpg,42,86.77256107330322,35,16.574764251708984,0,12.633681297302246,0,625.1304149627686,0
88,15_01.jpg,15,/home/pi/LAP/ImgsPart/for_face_detection/15/15_01.jpg,11,72.63302803039551,13,16.665220260620117,1,12.372088432312012,0,622.6475477218628,0
89,15_02.jpg,15,/home/pi/LAP/ImgsPart/for_face_detection/15/15_02.jpg,8,81.88261985778809,12,16.72956943511963,2,13.581323623657227,1,662.3542308807373,0
90,15_03.jpg,15,/home/pi/LAP/ImgsPart/for_face_detection/15/15_03.jpg,5,69.18137073516846,8,16.934561729431152,4,14.0655517578125,4,695.3593254089355,2
91,16_01.jpg,16,/home/pi/LAP/ImgsPart/for_face_detection/16/16_01.jpg,26,67.17755794525146,31,18.2159423828125,0,12.213325500488281,0,618.0859565734863,0
92,16_02.jpg,16,/home/pi/LAP/ImgsPart/for_face_detection/16/16_02.jpg,5,68.29535961151123,7,16.438627243041992,1,10.712027549743652,0,462.83230781555176,0
93,16_03.jpg,16,/home/pi/LAP/ImgsPart/for_face_detection/16/16_03.jpg,6,60.16852855682373,6,16.602396965026855,2,13.256454467773438,2,617.1260118484497,0
94,16_04.jpg,16,/home/pi/LAP/ImgsPart/for_face_detection/16/16_04.jpg,9,69.26248073577881,7,16.42134189605713,0,10.835695266723633,0,525.7390737533569,0
95,17_01.jpg,17,/home/pi/LAP/ImgsPart/for_face_detection/17/17_01.jpg,75,90.6731367111206,12,16.408467292785645,0,12.57023811340332,0,616.2682771682739,0
96,17_02.jpg,17,/home/pi/LAP/ImgsPart/for_face_detection/17/17_02.jpg,5,190.5933141708374,10,18.546128273010254,3,28.368330001831055,2,1410.2194786071777,2
97,17_03.jpg,17,/home/pi/LAP/ImgsPart/for_face_detection/17/17_03.jpg,7,85.69865226745605,9,16.870665550231934,2,14.142227172851562,2,702.414345741272,1
98,17_04.jpg,17,/home/pi/LAP/ImgsPart/for_face_detection/17/17_04.jpg,6,85.2020263671875,9,16.317391395568848,2,13.576889038085938,1,644.7139024734497,1
99,17_05.jpg,17,/home/pi/LAP/ImgsPart/for_face_detection/17/17_05.jpg,11,79.0562629699707,11,16.52987003326416,10,13.762474060058594,10,612.8504276275635,9
100,17_06.jpg,17,/home/pi/LAP/ImgsPart/for_face_detection/17/17_06.jpg,6,100.30674934387207,9,16.43385887145996,6,14.736437797546387,6,742.3742771148682,6
101,17_07.jpg,17,/home/pi/LAP/ImgsPart/for_face_detection/17/17_07.jpg,6,95.5949068069458,9,18.842196464538574,7,12.632107734680176,6,625.840425491333,5
102,17_08.jpg,17,/home/pi/LAP/ImgsPart/for_face_detection/17/17_08.jpg,8,71.02727890014648,9,16.75441265106201,1,12.719559669494629,0,616.5619373321533,0
103,17_09.jpg,17,/home/pi/LAP/ImgsPart/for_face_detection/17/17_09.jpg,13,60.576677322387695,15,16.528749465942383,4,13.775181770324707,8,671.3900089263916,2
104,17_10.jpg,17,/home/pi/LAP/ImgsPart/for_face_detection/17/17_10.jpg,4,112.36655712127686,3,16.495060920715332,0,16.77834987640381,0,856.9572687149048,0
105,18_01.jpg,18,/home/pi/LAP/ImgsPart/for_face_detection/18/18_01.jpg,6,60.07840633392334,8,16.378140449523926,1,12.621831893920898,1,589.4249200820923,0
106,18_02.jpg,18,/home/pi/LAP/ImgsPart/for_face_detection/18/18_02.jpg,5,57.184815406799316,6,18.758606910705566,0,13.845324516296387,0,686.8943214416504,0
107,18_03.jpg,18,/home/pi/LAP/ImgsPart/for_face_detection/18/18_03.jpg,5,77.02927589416504,9,18.62795352935791,4,12.565279006958008,3,628.0118703842163,3
108,18_04.jpg,18,/home/pi/LAP/ImgsPart/for_face_detection/18/18_04.jpg,6,74.46169853210449,5,16.440582275390625,0,13.625955581665039,1,693.4514760971069,2
109,18_05.jpg,18,/home/pi/LAP/ImgsPart/for_face_detection/18/18_05.jpg,5,93.71254444122314,3,16.777467727661133,2,19.022059440612793,1,952.701473236084,5
110,18_06.jpg,18,/home/pi/LAP/ImgsPart/for_face_detection/18/18_06.jpg,7,68.71283054351807,10,17.127633094787598,0,12.320232391357422,0,621.5903520584106,0
111,18_07.jpg,18,/home/pi/LAP/ImgsPart/for_face_detection/18/18_07.jpg,5,89.28894996643066,7,18.48611831665039,5,14.90333080291748,5,734.8841190338135,5
112,18_08.jpg,18,/home/pi/LAP/ImgsPart/for_face_detection/18/18_08.jpg,4,76.9791841506958,6,16.435694694519043,3,15.392684936523438,2,644.3923234939575,4
113,19_01.jpg,19,/home/pi/LAP/ImgsPart/for_face_detection/19/19_01.jpg,2,41.61646366119385,2,16.32857322692871,2,12.807464599609375,2,623.1323957443237,2
114,19_02.jpg,19,/home/pi/LAP/ImgsPart/for_face_detection/19/19_02.jpg,2,184.75699424743652,5,16.51771068572998,2,24.98345375061035,2,1249.7497081756592,2
115,19_03.jpg,19,/home/pi/LAP/ImgsPart/for_face_detection/19/19_03.jpg,2,57.23106861114502,2,16.609549522399902,0,18.77772808074951,0,931.0089111328125,2
116,19_04.jpg,19,/home/pi/LAP/ImgsPart/for_face_detection/19/19_04.jpg,2,75.74517726898193,3,18.08907985687256,2,13.649678230285645,2,697.4064588546753,2
117,19_05.jpg,19,/home/pi/LAP/ImgsPart/for_face_detection/19/19_05.jpg,2,76.49984359741211,4,16.5865421295166,2,12.914872169494629,2,658.2916021347046,2
118,19_06.jpg,19,/home/pi/LAP/ImgsPart/for_face_detection/19/19_06.jpg,2,86.96613311767578,1,16.76480770111084,2,19.06425952911377,0,926.605749130249,2
119,19_07.jpg,19,/home/pi/LAP/ImgsPart/for_face_detection/19/19_07.jpg,2,56.967782974243164,2,16.7616605758667,3,14.052152633666992,1,699.1376638412476,2
120,19_08.jpg,19,/home/pi/LAP/ImgsPart/for_face_detection/19/19_08.jpg,2,59.377479553222656,4,18.13981533050537,3,14.29131031036377,2,711.7223978042603,3
121,19_09.jpg,19,/home/pi/LAP/ImgsPart/for_face_detection/19/19_09.jpg,2,103.5496711730957,2,16.620516777038574,2,24.05071258544922,0,1259.043526649475,2
122,19_10.jpg,19,/home/pi/LAP/ImgsPart/for_face_detection/19/19_10.jpg,4,140.74466228485107,9,16.70546531677246,5,14.910101890563965,4,759.7858190536499,4
123,20_01.jpg,20,/home/pi/LAP/ImgsPart/for_face_detection/20/20_01.jpg,6,146.7132806777954,10,16.962456703186035,6,17.41161346435547,6,809.890866279602,6
124,20_02.jpg,20,/home/pi/LAP/ImgsPart/for_face_detection/20/20_02.jpg,12,97.14622497558594,12,16.694188117980957,7,14.949369430541992,3,646.2863922119141,0
125,20_03.jpg,20,/home/pi/LAP/ImgsPart/for_face_detection/20/20_03.jpg,34,94.82285976409912,26,18.27399730682373,0,11.255764961242676,0,558.4852695465088,0
126,20_04.jpg,20,/home/pi/LAP/ImgsPart/for_face_detection/20/20_04.jpg,15,88.43119144439697,15,16.877079010009766,0,12.316155433654785,0,620.9660768508911,0
127,20_05.jpg,20,/home/pi/LAP/ImgsPart/for_face_detection/20/20_05.jpg,14,82.85109996795654,17,16.55576229095459,3,12.770509719848633,0,605.9098958969116,0
128,20_06.jpg,20,/home/pi/LAP/ImgsPart/for_face_detection/20/20_06.jpg,19,45.729851722717285,16,17.036986351013184,0,6.536269187927246,0,313.9474391937256,0
129,20_07.jpg,20,/home/pi/LAP/ImgsPart/for_face_detection/20/20_07.jpg,14,113.73369693756104,16,17.082548141479492,0,12.796378135681152,0,621.8851089477539,0
130,20_08.jpg,20,/home/pi/LAP/ImgsPart/for_face_detection/20/20_08.jpg,38,99.79636669158936,38,18.772077560424805,0,12.592506408691406,0,638.8777732849121,0
131,20_09.jpg,20,/home/pi/LAP/ImgsPart/for_face_detection/20/20_09.jpg,16,92.09697246551514,19,17.20256805419922,0,16.83669090270996,0,761.6239070892334,0
132,20_10.jpg,20,/home/pi/LAP/ImgsPart/for_face_detection/20/20_10.jpg,5,106.14550113677979,6,16.585230827331543,4,14.1862154006958,4,702.7018070220947,4
133,20_11.jpg,20,/home/pi/LAP/ImgsPart/for_face_detection/20/20_11.jpg,5,59.73188877105713,4,16.55564308166504,5,11.10386848449707,5,540.2374505996704,5
134,20_12.jpg,20,/home/pi/LAP/ImgsPart/for_face_detection/20/20_12.jpg,40,165.67189693450928,44,16.587114334106445,16,24.302172660827637,31,1245.226788520813,29
135,20_13.jpg,20,/home/pi/LAP/ImgsPart/for_face_detection/20/20_13.jpg,13,92.2745943069458,11,18.00510883331299,8,12.709689140319824,4,620.1789379119873,2
136,20_14.jpg,20,/home/pi/LAP/ImgsPart/for_face_detection/20/20_14.jpg,21,96.84576988220215,22,17.12057590484619,0,13.145923614501953,0,667.8382873535156,0
137,20_15.jpg,20,/home/pi/LAP/ImgsPart/for_face_detection/20/20_15.jpg,16,91.71068668365479,16,17.05954074859619,8,14.01355266571045,6,617.0856952667236,1
138,20_16.jpg,20,/home/pi/LAP/ImgsPart/for_face_detection/20/20_16.jpg,11,124.3157148361206,17,16.74790382385254,0,18.303847312927246,0,908.5137844085693,0
139,20_17.jpg,20,/home/pi/LAP/ImgsPart/for_face_detection/20/20_17.jpg,4,64.9449110031128,6,16.371917724609375,0,15.523290634155273,0,791.3832664489746,0
140,20_18.jpg,20,/home/pi/LAP/ImgsPart/for_face_detection/20/20_18.jpg,5,117.54860877990723,6,18.8051700592041,5,14.705324172973633,5,715.0472402572632,5
141,20_19.jpg,20,/home/pi/LAP/ImgsPart/for_face_detection/20/20_19.jpg,3,45.3624963760376,2,16.785001754760742,3,12.615513801574707,3,620.254373550415,3
142,20_20.jpg,20,/home/pi/LAP/ImgsPart/for_face_detection/20/20_20.jpg,7,107.81559944152832,11,17.253851890563965,6,21.403169631958008,7,1074.482250213623,7
143,21_01.jpg,21,/home/pi/LAP/ImgsPart/for_face_detection/21/21_01.jpg,14,130.34541606903076,13,17.106151580810547,6,14.007568359375,4,619.3696975708008,1
144,21_02.jpg,21,/home/pi/LAP/ImgsPart/for_face_detection/21/21_02.jpg,2,75.38876533508301,7,16.4670467376709,1,12.47246265411377,0,621.8948364257812,1
145,21_03.jpg,21,/home/pi/LAP/ImgsPart/for_face_detection/21/21_03.jpg,4,159.29338932037354,8,19.011950492858887,1,27.46453285217285,2,1498.3203411102295,3
146,21_04.jpg,21,/home/pi/LAP/ImgsPart/for_face_detection/21/21_04.jpg,13,152.49428749084473,11,16.760730743408203,2,26.924753189086914,2,1514.6445989608765,2
147,21_05.jpg,21,/home/pi/LAP/ImgsPart/for_face_detection/21/21_05.jpg,1,90.21313190460205,3,16.75703525543213,1,26.265668869018555,1,1321.0840225219727,1
148,21_06.jpg,21,/home/pi/LAP/ImgsPart/for_face_detection/21/21_06.jpg,5,69.84443664550781,2,16.866517066955566,2,12.983417510986328,2,640.8588409423828,1
149,21_07.jpg,21,/home/pi/LAP/ImgsPart/for_face_detection/21/21_07.jpg,1,77.74879932403564,2,17.080402374267578,0,13.200974464416504,0,656.7310094833374,0
150,21_08.jpg,21,/home/pi/LAP/ImgsPart/for_face_detection/21/21_08.jpg,2,167.95835494995117,3,20.529961585998535,1,26.77021026611328,1,1379.480791091919,1
151,21_09.jpg,21,/home/pi/LAP/ImgsPart/for_face_detection/21/21_09.jpg,9,106.88848495483398,9,16.84737205505371,5,12.54420280456543,1,583.48548412323,0
152,21_10.jpg,21,/home/pi/LAP/ImgsPart/for_face_detection/21/21_10.jpg,11,96.77839279174805,14,18.42341423034668,1,12.880611419677734,0,621.5346574783325,0
153,21_11.jpg,21,/home/pi/LAP/ImgsPart/for_face_detection/21/21_11.jpg,1,100.05245208740234,5,16.462182998657227,1,27.204155921936035,1,1292.5876140594482,1
154,22_01.jpg,22,/home/pi/LAP/ImgsPart/for_face_detection/22/22_01.jpg,4,87.76075839996338,4,18.642067909240723,1,13.285565376281738,0,684.6137523651123,1
155,22_02.jpg,22,/home/pi/LAP/ImgsPart/for_face_detection/22/22_02.jpg,2,121.89826965332031,1,17.430877685546875,2,17.891550064086914,1,935.9402656555176,2
156,22_03.jpg,22,/home/pi/LAP/ImgsPart/for_face_detection/22/22_03.jpg,5,81.86414241790771,3,16.825008392333984,1,13.813519477844238,0,721.9671726226807,0
157,22_04.jpg,22,/home/pi/LAP/ImgsPart/for_face_detection/22/22_04.jpg,0,85.1926326751709,1,16.31021499633789,0,12.599325180053711,0,626.2470245361328,0
158,22_05.jpg,22,/home/pi/LAP/ImgsPart/for_face_detection/22/22_05.jpg,3,67.27986335754395,4,17.4971342086792,3,12.325263023376465,3,615.17653465271,3
159,22_06.jpg,22,/home/pi/LAP/ImgsPart/for_face_detection/22/22_06.jpg,6,98.91114234924316,10,23.28944206237793,4,15.448808670043945,2,707.4925422668457,4
160,22_07.jpg,22,/home/pi/LAP/ImgsPart/for_face_detection/22/22_07.jpg,5,75.46617984771729,6,20.0467586517334,0,14.262652397155762,0,712.7665758132935,0
161,22_08.jpg,22,/home/pi/LAP/ImgsPart/for_face_detection/22/22_08.jpg,2,157.58047103881836,4,22.372746467590332,2,27.18195915222168,2,1443.9411401748657,2
162,22_09.jpg,22,/home/pi/LAP/ImgsPart/for_face_detection/22/22_09.jpg,8,123.3708381652832,11,17.819499969482422,1,13.828277587890625,1,705.3488254547119,1
163,22_10.jpg,22,/home/pi/LAP/ImgsPart/for_face_detection/22/22_10.jpg,2,178.243088722229,3,19.164323806762695,2,30.604910850524902,2,1622.7750062942505,2
164,23_01.jpg,23,/home/pi/LAP/ImgsPart/for_face_detection/23/23_01.jpg,3,65.6207799911499,4,16.736865043640137,3,13.763141632080078,3,781.0730695724487,3
165,23_02.jpg,23,/home/pi/LAP/ImgsPart/for_face_detection/23/23_02.jpg,2,143.40415000915527,5,17.403316497802734,2,27.496695518493652,2,1715.5099868774414,2
166,23_03.jpg,23,/home/pi/LAP/ImgsPart/for_face_detection/23/23_03.jpg,1,125.5234956741333,4,16.382408142089844,1,25.686192512512207,1,1315.938401222229,2
167,23_04.jpg,23,/home/pi/LAP/ImgsPart/for_face_detection/23/23_04.jpg,8,94.07572746276855,8,17.31271743774414,3,13.76793384552002,1,693.6483860015869,0
168,23_05.jpg,23,/home/pi/LAP/ImgsPart/for_face_detection/23/23_05.jpg,0,57.910776138305664,2,17.377424240112305,0,10.64448356628418,0,518.2600498199463,0
169,23_06.jpg,23,/home/pi/LAP/ImgsPart/for_face_detection/23/23_06.jpg,2,115.52119255065918,3,16.637372970581055,2,16.12420082092285,2,693.3688163757324,2
170,23_07.jpg,23,/home/pi/LAP/ImgsPart/for_face_detection/23/23_07.jpg,0,55.60436248779297,2,16.588425636291504,0,12.355852127075195,0,618.0169343948364,0
171,24_01.jpg,24,/home/pi/LAP/ImgsPart/for_face_detection/24/24_01.jpg,0,62.020254135131836,0,16.913819313049316,0,12.120246887207031,0,620.65110206604,0
172,24_02.jpg,24,/home/pi/LAP/ImgsPart/for_face_detection/24/24_02.jpg,2,117.15903282165527,9,16.67935848236084,2,14.76130485534668,2,691.924786567688,2
173,24_03.jpg,24,/home/pi/LAP/ImgsPart/for_face_detection/24/24_03.jpg,0,101.0028600692749,0,20.185303688049316,0,11.698722839355469,0,576.3527870178223,0
174,24_04.jpg,24,/home/pi/LAP/ImgsPart/for_face_detection/24/24_04.jpg,0,107.4638843536377,3,16.454362869262695,0,12.227511405944824,0,613.0872964859009,0
175,24_05.jpg,24,/home/pi/LAP/ImgsPart/for_face_detection/24/24_05.jpg,0,117.36268997192383,5,16.58480167388916,0,12.292766571044922,0,615.3920888900757,0
176,24_06.jpg,24,/home/pi/LAP/ImgsPart/for_face_detection/24/24_06.jpg,1,55.08255958557129,2,16.559910774230957,2,11.37073040008545,0,520.1748609542847,1
177,24_07.jpg,24,/home/pi/LAP/ImgsPart/for_face_detection/24/24_07.jpg,1,36.144351959228516,1,16.51766300201416,1,14.421701431274414,1,644.7859764099121,1
178,24_08.jpg,24,/home/pi/LAP/ImgsPart/for_face_detection/24/24_08.jpg,0,38.96312713623047,0,18.180298805236816,0,12.322783470153809,0,613.1576061248779,0
179,24_09.jpg,24,/home/pi/LAP/ImgsPart/for_face_detection/24/24_09.jpg,1,49.48875904083252,1,16.791057586669922,1,13.415265083312988,1,579.2668342590332,1
180,26_01.jpg,26,/home/pi/LAP/ImgsPart/for_face_detection/26/26_01.jpg,8,121.78316116333008,6,16.415929794311523,0,16.68529510498047,0,842.4756288528442,0
181,26_02.jpg,26,/home/pi/LAP/ImgsPart/for_face_detection/26/26_02.jpg,3,69.26939487457275,5,16.92502498626709,1,9.94110107421875,1,471.6649293899536,4
182,26_03.jpg,26,/home/pi/LAP/ImgsPart/for_face_detection/26/26_03.jpg,2,53.23326587677002,3,16.599559783935547,2,12.554240226745605,2,610.3260040283203,2
183,26_04.jpg,26,/home/pi/LAP/ImgsPart/for_face_detection/26/26_04.jpg,1,98.14286231994629,4,18.526744842529297,1,29.697632789611816,1,1415.3091430664062,2
184,26_05.jpg,26,/home/pi/LAP/ImgsPart/for_face_detection/26/26_05.jpg,2,40.74063301086426,3,16.962313652038574,2,10.596108436584473,2,523.6658096313477,2
185,26_06.jpg,26,/home/pi/LAP/ImgsPart/for_face_detection/26/26_06.jpg,3,41.06175899505615,2,17.147350311279297,2,8.009004592895508,1,387.49983310699463,2
186,26_07.jpg,26,/home/pi/LAP/ImgsPart/for_face_detection/26/26_07.jpg,2,47.179484367370605,7,16.931819915771484,0,14.618921279907227,2,710.2807998657227,0
187,27_01.jpg,27,/home/pi/LAP/ImgsPart/for_face_detection/27/27_01.jpg,0,59.81743335723877,0,16.808414459228516,0,20.75490951538086,0,1066.748571395874,0
188,27_02.jpg,27,/home/pi/LAP/ImgsPart/for_face_detection/27/27_02.jpg,1,61.27212047576904,0,19.203519821166992,2,12.785744667053223,1,619.5018529891968,2
189,27_03.jpg,27,/home/pi/LAP/ImgsPart/for_face_detection/27/27_03.jpg,2,75.25475025177002,2,16.685914993286133,2,13.853740692138672,2,694.8173999786377,2
190,27_04.jpg,27,/home/pi/LAP/ImgsPart/for_face_detection/27/27_04.jpg,1,43.1715726852417,1,17.36292839050293,1,20.037508010864258,1,915.0470018386841,1
191,27_05.jpg,27,/home/pi/LAP/ImgsPart/for_face_detection/27/27_05.jpg,1,33.773064613342285,0,16.534066200256348,1,13.362956047058105,0,643.9210891723633,1
192,27_06.jpg,27,/home/pi/LAP/ImgsPart/for_face_detection/27/27_06.jpg,1,19.5889949798584,0,17.133450508117676,0,5.75098991394043,0,282.19048976898193,1
193,27_07.jpg,27,/home/pi/LAP/ImgsPart/for_face_detection/27/27_07.jpg,0,119.41280364990234,5,18.90537738800049,0,21.08480930328369,0,1093.2680130004883,0
194,27_08.jpg,27,/home/pi/LAP/ImgsPart/for_face_detection/27/27_08.jpg,1,45.8498477935791,0,16.407442092895508,1,13.758397102355957,0,691.7322874069214,0
195,28_01.jpg,28,/home/pi/LAP/ImgsPart/for_face_detection/28/28_01.jpg,1,55.771589279174805,1,16.930365562438965,1,19.81668472290039,1,1005.5262804031372,1
196,28_02.jpg,28,/home/pi/LAP/ImgsPart/for_face_detection/28/28_02.jpg,1,42.61307716369629,1,18.272900581359863,1,15.172743797302246,0,640.5167818069458,0
197,28_03.jpg,28,/home/pi/LAP/ImgsPart/for_face_detection/28/28_03.jpg,1,54.54089641571045,1,16.31178855895996,1,12.54568099975586,0,617.585039138794,1
198,28_04.jpg,28,/home/pi/LAP/ImgsPart/for_face_detection/28/28_04.jpg,1,59.19783115386963,2,18.617606163024902,2,13.969612121582031,1,692.6181793212891,2
199,28_05.jpg,28,/home/pi/LAP/ImgsPart/for_face_detection/28/28_05.jpg,1,116.01312160491943,4,16.654300689697266,1,33.77385139465332,1,7366.475892066956,2
200,28_06.jpg,28,/home/pi/LAP/ImgsPart/for_face_detection/28/28_06.jpg,1,78.31475734710693,1,16.41848087310791,1,24.469494819641113,1,2233.2536220550537,1
201,28_07.jpg,28,/home/pi/LAP/ImgsPart/for_face_detection/28/28_07.jpg,3,75.66723823547363,5,16.54503345489502,3,14.04867172241211,3,611.955738067627,3
202,28_08.jpg,28,/home/pi/LAP/ImgsPart/for_face_detection/28/28_08.jpg,2,106.2704086303711,3,18.143749237060547,2,18.7410831451416,2,930.2220821380615,2
203,28_09.jpg,28,/home/pi/LAP/ImgsPart/for_face_detection/28/28_09.jpg,2,44.75107192993164,3,16.71910285949707,2,13.89610767364502,2,692.4406290054321,2
204,28_10.jpg,28,/home/pi/LAP/ImgsPart/for_face_detection/28/28_10.jpg,1,62.70928382873535,4,16.94467067718506,1,21.03254795074463,1,1099.0159749984741,1
205,28_11.jpg,28,/home/pi/LAP/ImgsPart/for_face_detection/28/28_11.jpg,4,129.26130294799805,4,16.68839454650879,5,23.78106117248535,5,1231.5484285354614,5
206,28_12.jpg,28,/home/pi/LAP/ImgsPart/for_face_detection/28/28_12.jpg,1,102.25210189819336,1,16.86835289001465,1,29.837512969970703,1,1396.9712972640991,1
207,29_01.jpg,29,/home/pi/LAP/ImgsPart/for_face_detection/29/29_01.jpg,3,60.28099060058594,4,18.994736671447754,3,10.703420639038086,3,551.3773441314697,3
208,29_02.jpg,29,/home/pi/LAP/ImgsPart/for_face_detection/29/29_02.jpg,4,96.24805450439453,7,16.637301445007324,4,17.580747604370117,4,866.2132740020752,4
209,29_03.jpg,29,/home/pi/LAP/ImgsPart/for_face_detection/29/29_03.jpg,2,53.48198413848877,1,16.82307720184326,2,10.810518264770508,1,522.7352142333984,2
210,29_04.jpg,29,/home/pi/LAP/ImgsPart/for_face_detection/29/29_04.jpg,2,62.10966110229492,2,16.628050804138184,2,11.970162391662598,2,597.4282264709473,2
211,29_05.jpg,29,/home/pi/LAP/ImgsPart/for_face_detection/29/29_05.jpg,6,104.5938491821289,8,16.6276216506958,4,16.13445281982422,3,780.949854850769,5
212,29_06.jpg,29,/home/pi/LAP/ImgsPart/for_face_detection/29/29_06.jpg,8,204.07772064208984,11,19.333744049072266,5,30.120205879211426,7,2147.791051864624,8
213,29_07.jpg,29,/home/pi/LAP/ImgsPart/for_face_detection/29/29_07.jpg,6,77.51321792602539,9,16.915154457092285,7,13.157415390014648,6,738.376522064209,6
214,29_08.jpg,29,/home/pi/LAP/ImgsPart/for_face_detection/29/29_08.jpg,7,72.97217845916748,8,16.643095016479492,7,12.694430351257324,7,621.0061550140381,8
215,29_09.jpg,29,/home/pi/LAP/ImgsPart/for_face_detection/29/29_09.jpg,1,77.04641819000244,1,17.095184326171875,1,24.668049812316895,1,1367.9517030715942,1
216,29_10.jpg,29,/home/pi/LAP/ImgsPart/for_face_detection/29/29_10.jpg,4,45.030927658081055,4,16.315245628356934,4,10.500192642211914,4,523.928165435791,4
217,29_11.jpg,29,/home/pi/LAP/ImgsPart/for_face_detection/29/29_11.jpg,2,50.29807090759277,2,18.346667289733887,2,13.943767547607422,2,641.5735483169556,2
218,29_12.jpg,29,/home/pi/LAP/ImgsPart/for_face_detection/29/29_12.jpg,3,56.43885135650635,3,16.687464714050293,0,13.171744346618652,0,665.9559726715088,1
219,29_13.jpg,29,/home/pi/LAP/ImgsPart/for_face_detection/29/29_13.jpg,4,62.34900951385498,6,17.284178733825684,4,12.046170234680176,4,636.9374513626099,4
220,29_14.jpg,29,/home/pi/LAP/ImgsPart/for_face_detection/29/29_14.jpg,5,81.51333332061768,3,16.75410270690918,0,12.289094924926758,0,629.6877861022949,0
221,29_15.jpg,29,/home/pi/LAP/ImgsPart/for_face_detection/29/29_15.jpg,1,73.18305969238281,2,16.394639015197754,2,14.033055305480957,1,707.1145296096802,1
222,30_01.jpg,30,/home/pi/LAP/ImgsPart/for_face_detection/30/30_01.jpg,11,62.21315860748291,15,19.11907196044922,11,12.62972354888916,11,651.6359329223633,11
223,30_02.jpg,30,/home/pi/LAP/ImgsPart/for_face_detection/30/30_02.jpg,5,85.84702014923096,7,16.76487922668457,5,13.03262710571289,3,660.1257801055908,5
224,30_03.jpg,30,/home/pi/LAP/ImgsPart/for_face_detection/30/30_03.jpg,2,79.34622764587402,2,16.37406349182129,2,19.689655303955078,2,930.4769039154053,2
225,30_04.jpg,30,/home/pi/LAP/ImgsPart/for_face_detection/30/30_04.jpg,0,58.03267955780029,0,16.62919521331787,0,13.918161392211914,0,726.8263578414917,0
226,30_05.jpg,30,/home/pi/LAP/ImgsPart/for_face_detection/30/30_05.jpg,7,65.62206745147705,8,16.907429695129395,3,12.536883354187012,2,619.1816091537476,0
227,30_06.jpg,30,/home/pi/LAP/ImgsPart/for_face_detection/30/30_06.jpg,5,66.13428592681885,6,18.953585624694824,5,10.483908653259277,5,524.5511770248413,5
228,30_07.jpg,30,/home/pi/LAP/ImgsPart/for_face_detection/30/30_07.jpg,8,41.010189056396484,9,16.433048248291016,2,7.222485542297363,8,363.0892753601074,6
229,30_08.jpg,30,/home/pi/LAP/ImgsPart/for_face_detection/30/30_08.jpg,5,97.94726371765137,9,16.643571853637695,2,21.088171005249023,5,1110.2813482284546,5
230,30_09.jpg,30,/home/pi/LAP/ImgsPart/for_face_detection/30/30_09.jpg,1,71.99077606201172,1,16.61663055419922,1,27.61554718017578,1,1599.190640449524,1
231,30_10.jpg,30,/home/pi/LAP/ImgsPart/for_face_detection/30/30_10.jpg,5,71.75190448760986,6,16.770243644714355,5,13.913464546203613,5,1033.9635133743286,5
232,30_11.jpg,30,/home/pi/LAP/ImgsPart/for_face_detection/30/30_11.jpg,7,92.26598739624023,11,18.41564178466797,7,14.887022972106934,6,803.3806562423706,5
233,30_12.jpg,30,/home/pi/LAP/ImgsPart/for_face_detection/30/30_12.jpg,3,46.08795642852783,3,16.329479217529297,3,12.079453468322754,3,609.4206094741821,3
234,30_13.jpg,30,/home/pi/LAP/ImgsPart/for_face_detection/30/30_13.jpg,2,67.21055507659912,1,16.944193840026855,2,14.790916442871094,2,697.2953796386719,2
235,31_01.jpg,31,/home/pi/LAP/ImgsPart/for_face_detection/31/31_01.jpg,1,133.0545425415039,2,16.820597648620605,1,25.291872024536133,2,1323.8582134246826,2
236,31_02.jpg,31,/home/pi/LAP/ImgsPart/for_face_detection/31/31_02.jpg,2,104.72886562347412,8,16.36826992034912,2,20.24860382080078,2,936.0202312469482,2
237,31_03.jpg,31,/home/pi/LAP/ImgsPart/for_face_detection/31/31_03.jpg,2,79.03828620910645,5,18.039631843566895,2,16.086339950561523,2,813.7537717819214,2
238,31_04.jpg,31,/home/pi/LAP/ImgsPart/for_face_detection/31/31_04.jpg,5,70.10328769683838,7,16.438794136047363,5,12.295913696289062,5,617.1980142593384,5
239,31_05.jpg,31,/home/pi/LAP/ImgsPart/for_face_detection/31/31_05.jpg,2,97.49200344085693,7,16.468095779418945,2,14.151239395141602,2,694.3691253662109,2
240,31_06.jpg,31,/home/pi/LAP/ImgsPart/for_face_detection/31/31_06.jpg,3,49.06191825866699,3,16.64724349975586,3,18.93589496612549,3,930.4797172546387,3
241,31_07.jpg,31,/home/pi/LAP/ImgsPart/for_face_detection/31/31_07.jpg,3,56.041693687438965,8,16.580677032470703,2,7.612109184265137,3,376.2784719467163,3
242,31_08.jpg,31,/home/pi/LAP/ImgsPart/for_face_detection/31/31_08.jpg,1,37.958312034606934,3,20.067214965820312,1,12.088251113891602,1,607.1727275848389,1
243,32_01.jpg,32,/home/pi/LAP/ImgsPart/for_face_detection/32/32_01.jpg,0,156.07643127441406,8,16.716766357421875,0,19.62454319000244,0,861.3603830337524,0
244,32_02.jpg,32,/home/pi/LAP/ImgsPart/for_face_detection/32/32_02.jpg,6,61.67197227478027,9,17.205214500427246,5,13.73906135559082,4,698.0200529098511,3
245,32_03.jpg,32,/home/pi/LAP/ImgsPart/for_face_detection/32/32_03.jpg,1,55.976009368896484,1,16.511964797973633,1,12.51378059387207,1,633.2925796508789,1
246,32_04.jpg,32,/home/pi/LAP/ImgsPart/for_face_detection/32/32_04.jpg,1,56.77666664123535,2,16.62318706512451,1,12.646722793579102,0,619.4778919219971,1
247,32_05.jpg,32,/home/pi/LAP/ImgsPart/for_face_detection/32/32_05.jpg,1,42.005324363708496,1,18.98930072784424,1,12.826824188232422,1,614.6301031112671,1
248,32_06.jpg,32,/home/pi/LAP/ImgsPart/for_face_detection/32/32_06.jpg,1,83.20126533508301,5,16.231989860534668,1,27.154040336608887,1,4006.0975074768066,1
249,32_07.jpg,32,/home/pi/LAP/ImgsPart/for_face_detection/32/32_07.jpg,0,111.74988746643066,2,16.448521614074707,0,15.147972106933594,0,954.7625780105591,0
250,32_08.jpg,32,/home/pi/LAP/ImgsPart/for_face_detection/32/32_08.jpg,1,101.39234066009521,1,16.63672924041748,1,26.46939754486084,1,1646.1427688598633,1
251,32_09.jpg,32,/home/pi/LAP/ImgsPart/for_face_detection/32/32_09.jpg,6,43.51215362548828,7,17.73512363433838,6,9.817123413085938,6,550.5645036697388,5
252,33_01.jpg,33,/home/pi/LAP/ImgsPart/for_face_detection/33/33_01.jpg,1,98.93226623535156,2,17.290258407592773,1,23.586249351501465,1,1390.7681941986084,1
253,33_02.jpg,33,/home/pi/LAP/ImgsPart/for_face_detection/33/33_02.jpg,2,60.089111328125,1,16.750788688659668,2,12.585592269897461,0,644.7488307952881,0
254,33_03.jpg,33,/home/pi/LAP/ImgsPart/for_face_detection/33/33_03.jpg,1,43.91634464263916,3,16.97251796722412,1,12.523221969604492,1,624.5602607727051,0
255,33_04.jpg,33,/home/pi/LAP/ImgsPart/for_face_detection/33/33_04.jpg,1,40.87481498718262,1,16.45810604095459,1,14.039850234985352,1,640.2987718582153,0
256,33_05.jpg,33,/home/pi/LAP/ImgsPart/for_face_detection/33/33_05.jpg,5,76.74319744110107,7,17.90013313293457,1,11.782097816467285,0,600.5048751831055,0
257,33_06.jpg,33,/home/pi/LAP/ImgsPart/for_face_detection/33/33_06.jpg,3,47.806644439697266,3,16.91763401031494,3,10.362911224365234,3,527.7108669281006,3
258,33_07.jpg,33,/home/pi/LAP/ImgsPart/for_face_detection/33/33_07.jpg,3,66.64965152740479,3,16.407084465026855,1,12.24219799041748,0,609.9596261978149,0
259,33_08.jpg,33,/home/pi/LAP/ImgsPart/for_face_detection/33/33_08.jpg,1,124.40481185913086,1,16.800308227539062,1,23.82645606994629,1,1245.4002380371094,1
260,33_09.jpg,33,/home/pi/LAP/ImgsPart/for_face_detection/33/33_09.jpg,0,53.04405689239502,7,16.47350788116455,0,10.796451568603516,0,541.008734703064,0
261,34_01.jpg,34,/home/pi/LAP/ImgsPart/for_face_detection/34/34_01.jpg,1,31.68041706085205,0,17.432069778442383,1,13.02495002746582,1,627.781867980957,1
262,34_02.jpg,34,/home/pi/LAP/ImgsPart/for_face_detection/34/34_02.jpg,1,59.8111629486084,1,17.56153106689453,1,13.663959503173828,0,612.9299402236938,0
263,34_03.jpg,34,/home/pi/LAP/ImgsPart/for_face_detection/34/34_03.jpg,37,87.53697872161865,2,16.637277603149414,0,12.759828567504883,0,583.7671041488647,0
264,34_04.jpg,34,/home/pi/LAP/ImgsPart/for_face_detection/34/34_04.jpg,31,77.8679370880127,26,16.745996475219727,0,12.660956382751465,0,631.7476749420166,1
265,34_05.jpg,34,/home/pi/LAP/ImgsPart/for_face_detection/34/34_05.jpg,23,66.92733764648438,12,17.7060604095459,0,12.816572189331055,0,670.6030368804932,0
266,34_06.jpg,34,/home/pi/LAP/ImgsPart/for_face_detection/34/34_06.jpg,7,99.48899745941162,6,16.928911209106445,2,12.412405014038086,0,644.0593481063843,0
267,34_07.jpg,34,/home/pi/LAP/ImgsPart/for_face_detection/34/34_07.jpg,0,36.20631694793701,0,16.965842247009277,0,10.800600051879883,0,539.2536163330078,0
268,34_08.jpg,34,/home/pi/LAP/ImgsPart/for_face_detection/34/34_08.jpg,1,48.75388145446777,3,16.793155670166016,3,12.872743606567383,2,626.244592666626,3
269,34_09.jpg,34,/home/pi/LAP/ImgsPart/for_face_detection/34/34_09.jpg,1,69.83106136322021,2,16.338539123535156,1,25.285720825195312,1,1187.9276514053345,1
270,34_10.jpg,34,/home/pi/LAP/ImgsPart/for_face_detection/34/34_10.jpg,6,94.34325695037842,10,16.86246395111084,1,13.866591453552246,3,695.5072641372681,2
271,35_01.jpg,35,/home/pi/LAP/ImgsPart/for_face_detection/35/35_01.jpg,3,71.64561748504639,9,17.86365509033203,3,12.160921096801758,3,620.7486867904663,4
272,35_02.jpg,35,/home/pi/LAP/ImgsPart/for_face_detection/35/35_02.jpg,9,99.11789894104004,14,16.986680030822754,6,13.282990455627441,4,658.5139751434326,0
273,35_03.jpg,35,/home/pi/LAP/ImgsPart/for_face_detection/35/35_03.jpg,14,68.92154216766357,17,16.89016819000244,0,9.95779037475586,1,502.75089740753174,0
274,35_04.jpg,35,/home/pi/LAP/ImgsPart/for_face_detection/35/35_04.jpg,11,67.50543117523193,18,16.497325897216797,0,13.262939453125,0,622.88978099823,0
275,35_05.jpg,35,/home/pi/LAP/ImgsPart/for_face_detection/35/35_05.jpg,13,83.33499431610107,13,16.721105575561523,2,12.811565399169922,0,625.9860277175903,0
276,35_06.jpg,35,/home/pi/LAP/ImgsPart/for_face_detection/35/35_06.jpg,14,80.4619550704956,17,16.933393478393555,3,13.760113716125488,1,620.5719232559204,0
277,35_07.jpg,35,/home/pi/LAP/ImgsPart/for_face_detection/35/35_07.jpg,8,81.21178150177002,10,17.40891933441162,2,16.272497177124023,5,825.550651550293,2
278,35_08.jpg,35,/home/pi/LAP/ImgsPart/for_face_detection/35/35_08.jpg,14,90.19486904144287,17,16.31786823272705,9,11.692523956298828,5,571.7166423797607,0
279,35_09.jpg,35,/home/pi/LAP/ImgsPart/for_face_detection/35/35_09.jpg,10,68.80064010620117,11,16.609644889831543,3,10.414505004882812,0,528.2325267791748,0
280,35_10.jpg,35,/home/pi/LAP/ImgsPart/for_face_detection/35/35_10.jpg,8,83.81567001342773,18,16.70842170715332,0,15.275311470031738,0,743.6962366104126,0
281,36_01.jpg,36,/home/pi/LAP/ImgsPart/for_face_detection/36/36_01.jpg,0,52.73561477661133,2,17.520833015441895,0,14.343023300170898,0,721.2183237075806,0
282,36_02.jpg,36,/home/pi/LAP/ImgsPart/for_face_detection/36/36_02.jpg,1,144.3124294281006,5,20.71077823638916,1,31.95352554321289,1,2624.8048543930054,1
283,36_03.jpg,36,/home/pi/LAP/ImgsPart/for_face_detection/36/36_03.jpg,1,96.86751365661621,1,19.975590705871582,1,27.390336990356445,1,1941.2606477737427,1
284,36_04.jpg,36,/home/pi/LAP/ImgsPart/for_face_detection/36/36_04.jpg,1,206.82549476623535,6,22.86856174468994,1,23.690080642700195,1,1236.2065076828003,1
285,36_05.jpg,36,/home/pi/LAP/ImgsPart/for_face_detection/36/36_05.jpg,1,109.13939476013184,3,22.101855278015137,1,27.605748176574707,1,1433.4884881973267,1
286,36_06.jpg,36,/home/pi/LAP/ImgsPart/for_face_detection/36/36_06.jpg,1,51.647019386291504,2,18.445301055908203,1,13.023734092712402,1,591.6629791259766,1
287,36_07.jpg,36,/home/pi/LAP/ImgsPart/for_face_detection/36/36_07.jpg,1,73.90892505645752,3,16.817831993103027,1,17.27614402770996,1,885.672926902771,1
288,36_08.jpg,36,/home/pi/LAP/ImgsPart/for_face_detection/36/36_08.jpg,0,61.36221885681152,1,16.718292236328125,1,11.86056137084961,0,603.6603927612305,0
289,36_09.jpg,36,/home/pi/LAP/ImgsPart/for_face_detection/36/36_09.jpg,1,26.415514945983887,2,16.491222381591797,1,10.793423652648926,1,552.9159069061279,1
290,36_10.jpg,36,/home/pi/LAP/ImgsPart/for_face_detection/36/36_10.jpg,20,77.48932838439941,21,18.97115707397461,0,10.81089973449707,0,535.0635766983032,0
291,37_01.jpg,37,/home/pi/LAP/ImgsPart/for_face_detection/37/37_01.jpg,1,38.0678653717041,1,16.50850772857666,1,12.578940391540527,1,616.3613557815552,1
292,37_02.jpg,37,/home/pi/LAP/ImgsPart/for_face_detection/37/37_02.jpg,2,55.06918430328369,3,16.55876636505127,2,11.194539070129395,2,542.9133415222168,2
293,37_03.jpg,37,/home/pi/LAP/ImgsPart/for_face_detection/37/37_03.jpg,11,91.07046127319336,17,16.771268844604492,10,13.308978080749512,7,548.579740524292,0
294,37_04.jpg,37,/home/pi/LAP/ImgsPart/for_face_detection/37/37_04.jpg,2,55.83620071411133,1,16.949796676635742,3,12.787866592407227,3,634.0201139450073,3
295,37_05.jpg,37,/home/pi/LAP/ImgsPart/for_face_detection/37/37_05.jpg,24,91.57147407531738,24,18.693017959594727,0,12.269163131713867,0,626.6086101531982,0
296,37_06.jpg,37,/home/pi/LAP/ImgsPart/for_face_detection/37/37_06.jpg,16,141.5797472000122,19,16.446852684020996,1,16.15285873413086,1,818.2245016098022,0
297,37_07.jpg,37,/home/pi/LAP/ImgsPart/for_face_detection/37/37_07.jpg,1,46.23763561248779,1,16.742372512817383,1,12.327098846435547,1,620.0253963470459,1
298,37_08.jpg,37,/home/pi/LAP/ImgsPart/for_face_detection/37/37_08.jpg,8,84.32202339172363,10,17.719697952270508,1,13.752985000610352,0,694.2323923110962,0
299,37_09.jpg,37,/home/pi/LAP/ImgsPart/for_face_detection/37/37_09.jpg,11,120.66338062286377,14,16.91267490386963,9,13.960886001586914,10,697.664475440979,1
300,37_10.jpg,37,/home/pi/LAP/ImgsPart/for_face_detection/37/37_10.jpg,1,35.727858543395996,1,19.358038902282715,1,11.785006523132324,1,526.1316299438477,1
301,38_01.jpg,38,/home/pi/LAP/ImgsPart/for_face_detection/38/38_01.jpg,1,31.10342025756836,0,16.596126556396484,1,12.317156791687012,1,593.6354875564575,1
302,38_02.jpg,38,/home/pi/LAP/ImgsPart/for_face_detection/38/38_02.jpg,1,63.558316230773926,1,16.603994369506836,1,12.372159957885742,0,621.4458227157593,0
303,38_03.jpg,38,/home/pi/LAP/ImgsPart/for_face_detection/38/38_03.jpg,11,98.38509559631348,15,16.805624961853027,0,13.431549072265625,0,666.6754961013794,0
304,38_04.jpg,38,/home/pi/LAP/ImgsPart/for_face_detection/38/38_04.jpg,1,33.79662036895752,3,16.343140602111816,1,11.93997859954834,1,602.2578716278076,1
305,38_05.jpg,38,/home/pi/LAP/ImgsPart/for_face_detection/38/38_05.jpg,3,49.26650524139404,2,19.092535972595215,3,12.794017791748047,3,619.6593284606934,3
306,38_06.jpg,38,/home/pi/LAP/ImgsPart/for_face_detection/38/38_06.jpg,0,46.37129306793213,0,17.023849487304688,0,11.765646934509277,0,637.0091199874878,0
307,38_07.jpg,38,/home/pi/LAP/ImgsPart/for_face_detection/38/38_07.jpg,0,84.69438552856445,1,17.009758949279785,0,14.17701244354248,0,749.839448928833,0
308,38_08.jpg,38,/home/pi/LAP/ImgsPart/for_face_detection/38/38_08.jpg,1,42.3905611038208,3,17.200303077697754,1,14.506268501281738,1,627.2851228713989,1
309,38_09.jpg,38,/home/pi/LAP/ImgsPart/for_face_detection/38/38_09.jpg,1,50.65662860870361,0,16.6043758392334,1,13.687324523925781,1,714.6544933319092,1
310,38_10.jpg,38,/home/pi/LAP/ImgsPart/for_face_detection/38/38_10.jpg,1,91.45584106445312,5,20.73819637298584,1,25.207996368408203,1,1296.7708826065063,1
311,39_01.jpg,39,/home/pi/LAP/ImgsPart/for_face_detection/39/39_01.jpg,4,76.26678943634033,4,16.61088466644287,0,13.936734199523926,0,706.1513900756836,0
312,39_02.jpg,39,/home/pi/LAP/ImgsPart/for_face_detection/39/39_02.jpg,1,45.824313163757324,1,16.68374538421631,1,22.73390293121338,1,1265.8472537994385,1
313,39_03.jpg,39,/home/pi/LAP/ImgsPart/for_face_detection/39/39_03.jpg,1,41.082096099853516,1,16.4003849029541,1,24.081826210021973,0,1168.7095403671265,0
314,39_04.jpg,39,/home/pi/LAP/ImgsPart/for_face_detection/39/39_04.jpg,1,50.73256492614746,0,16.952180862426758,0,26.68476104736328,0,1404.2152166366577,1
315,39_05.jpg,39,/home/pi/LAP/ImgsPart/for_face_detection/39/39_05.jpg,1,96.60115242004395,2,18.648624420166016,1,24.848103523254395,2,1258.9266061782837,2
316,39_06.jpg,39,/home/pi/LAP/ImgsPart/for_face_detection/39/39_06.jpg,2,57.12604522705078,2,16.761279106140137,1,14.196228981018066,1,701.2463569641113,0
317,39_07.jpg,39,/home/pi/LAP/ImgsPart/for_face_detection/39/39_07.jpg,2,45.261192321777344,2,16.43209457397461,2,18.97749900817871,2,1044.5106744766235,2
318,39_08.jpg,39,/home/pi/LAP/ImgsPart/for_face_detection/39/39_08.jpg,1,138.35325241088867,3,16.482138633728027,1,27.756977081298828,1,1634.912657737732,1
319,39_09.jpg,39,/home/pi/LAP/ImgsPart/for_face_detection/39/39_09.jpg,1,49.524617195129395,1,17.17393398284912,1,14.049458503723145,1,1135.3098630905151,1
320,39_10.jpg,39,/home/pi/LAP/ImgsPart/for_face_detection/39/39_10.jpg,7,61.64982318878174,6,17.317771911621094,0,15.272712707519531,0,770.885157585144,0
321,40_01.jpg,40,/home/pi/LAP/ImgsPart/for_face_detection/40/40_01.jpg,1,48.02658557891846,1,16.76034927368164,1,23.949742317199707,1,1528.0579805374146,1
322,40_02.jpg,40,/home/pi/LAP/ImgsPart/for_face_detection/40/40_02.jpg,1,42.44487285614014,1,16.890931129455566,0,12.366986274719238,0,648.5235452651978,0
323,40_03.jpg,40,/home/pi/LAP/ImgsPart/for_face_detection/40/40_03.jpg,9,58.04088115692139,12,16.527605056762695,0,14.41967487335205,0,651.5509843826294,0
324,40_04.jpg,40,/home/pi/LAP/ImgsPart/for_face_detection/40/40_04.jpg,13,125.00827312469482,17,17.832398414611816,0,24.001121520996094,7,1509.1696739196777,2
325,40_05.jpg,40,/home/pi/LAP/ImgsPart/for_face_detection/40/40_05.jpg,20,113.09568881988525,26,17.235994338989258,0,19.382381439208984,0,1018.6465978622437,0
326,40_06.jpg,40,/home/pi/LAP/ImgsPart/for_face_detection/40/40_06.jpg,4,60.57631969451904,4,16.49177074432373,4,14.107179641723633,4,1115.154790878296,4
327,40_07.jpg,40,/home/pi/LAP/ImgsPart/for_face_detection/40/40_07.jpg,1,32.06007480621338,2,16.54078960418701,1,12.562727928161621,0,861.8715286254883,1
328,40_08.jpg,40,/home/pi/LAP/ImgsPart/for_face_detection/40/40_08.jpg,1,112.54611015319824,3,16.554546356201172,1,26.94265842437744,1,1404.9105167388916,1
329,40_09.jpg,40,/home/pi/LAP/ImgsPart/for_face_detection/40/40_09.jpg,13,84.18138027191162,14,18.20957660675049,7,14.977169036865234,12,1624.0965843200684,0
330,40_10.jpg,40,/home/pi/LAP/ImgsPart/for_face_detection/40/40_10.jpg,7,98.01905155181885,10,16.88840389251709,5,14.223146438598633,4,762.7667188644409,1
331,41_01.jpg,41,/home/pi/LAP/ImgsPart/for_face_detection/41/41_01.jpg,1,71.17362022399902,0,16.754484176635742,1,12.299060821533203,0,656.4504146575928,1
332,41_02.jpg,41,/home/pi/LAP/ImgsPart/for_face_detection/41/41_02.jpg,1,64.27063941955566,1,18.024110794067383,1,12.497544288635254,1,638.1114721298218,1
333,41_03.jpg,41,/home/pi/LAP/ImgsPart/for_face_detection/41/41_03.jpg,1,40.62376022338867,1,17.387032508850098,1,12.258696556091309,0,711.6073369979858,1
334,41_04.jpg,41,/home/pi/LAP/ImgsPart/for_face_detection/41/41_04.jpg,1,60.25726795196533,1,18.250012397766113,1,14.136600494384766,1,820.359206199646,1
335,41_05.jpg,41,/home/pi/LAP/ImgsPart/for_face_detection/41/41_05.jpg,1,85.30733585357666,4,16.704177856445312,0,15.263938903808594,0,731.2757015228271,0
336,41_06.jpg,41,/home/pi/LAP/ImgsPart/for_face_detection/41/41_06.jpg,1,105.28533458709717,3,16.4090633392334,1,27.231383323669434,1,1828.3788204193115,1
337,41_07.jpg,41,/home/pi/LAP/ImgsPart/for_face_detection/41/41_07.jpg,1,73.82161617279053,3,16.581249237060547,1,18.448829650878906,1,1149.989414215088,1
338,41_08.jpg,41,/home/pi/LAP/ImgsPart/for_face_detection/41/41_08.jpg,1,65.53611755371094,0,17.156553268432617,0,12.546753883361816,0,617.7328109741211,1
339,41_09.jpg,41,/home/pi/LAP/ImgsPart/for_face_detection/41/41_09.jpg,3,59.206175804138184,4,19.368338584899902,3,12.397074699401855,3,649.8805046081543,3
340,41_10.jpg,41,/home/pi/LAP/ImgsPart/for_face_detection/41/41_10.jpg,4,97.35229015350342,8,16.526007652282715,4,13.141918182373047,4,655.1116466522217,4
341,42_01.jpg,42,/home/pi/LAP/ImgsPart/for_face_detection/42/42_01.jpg,0,75.1230001449585,0,16.464877128601074,0,13.860821723937988,0,688.0347728729248,0
342,42_02.jpg,42,/home/pi/LAP/ImgsPart/for_face_detection/42/42_02.jpg,1,87.7342939376831,1,16.63219928741455,0,13.693976402282715,0,750.0786304473877,0
343,42_03.jpg,42,/home/pi/LAP/ImgsPart/for_face_detection/42/42_03.jpg,1,91.21601581573486,2,16.470813751220703,1,26.845788955688477,1,1612.9445791244507,1
344,42_04.jpg,42,/home/pi/LAP/ImgsPart/for_face_detection/42/42_04.jpg,18,90.96875190734863,22,19.16947364807129,4,12.692904472351074,3,1122.718906402588,1
345,42_05.jpg,42,/home/pi/LAP/ImgsPart/for_face_detection/42/42_05.jpg,1,89.54672813415527,4,16.80164337158203,1,28.086328506469727,1,1657.9484462738037,1
346,42_06.jpg,42,/home/pi/LAP/ImgsPart/for_face_detection/42/42_06.jpg,5,65.26854038238525,7,16.440629959106445,3,16.25981330871582,3,1012.1312379837036,2
347,42_07.jpg,42,/home/pi/LAP/ImgsPart/for_face_detection/42/42_07.jpg,6,106.63197040557861,5,16.318583488464355,1,12.927746772766113,0,850.6160974502563,1
348,42_08.jpg,42,/home/pi/LAP/ImgsPart/for_face_detection/42/42_08.jpg,1,111.6966724395752,1,17.188477516174316,5,23.760509490966797,1,1414.8334503173828,1
349,42_09.jpg,42,/home/pi/LAP/ImgsPart/for_face_detection/42/42_09.jpg,1,70.99447250366211,1,18.59567165374756,2,18.7882661819458,1,1021.1171865463257,1
350,42_10.jpg,42,/home/pi/LAP/ImgsPart/for_face_detection/42/42_10.jpg,2,76.66764259338379,6,16.534948348999023,1,12.988114356994629,0,697.5461483001709,0
351,43_01.jpg,43,/home/pi/LAP/ImgsPart/for_face_detection/43/43_01.jpg,2,84.29982662200928,3,16.420841217041016,1,16.205954551696777,1,882.7370166778564,1
352,43_02.jpg,43,/home/pi/LAP/ImgsPart/for_face_detection/43/43_02.jpg,2,59.58230495452881,3,16.762328147888184,2,12.242388725280762,2,1021.4981317520142,2
353,43_03.jpg,43,/home/pi/LAP/ImgsPart/for_face_detection/43/43_03.jpg,2,58.37252140045166,3,16.666460037231445,0,12.227702140808105,0,708.6556196212769,0
354,43_04.jpg,43,/home/pi/LAP/ImgsPart/for_face_detection/43/43_04.jpg,1,58.22727680206299,1,18.81263256072998,1,12.492680549621582,0,630.3760528564453,0
355,43_05.jpg,43,/home/pi/LAP/ImgsPart/for_face_detection/43/43_05.jpg,9,60.29713153839111,2,16.90363883972168,0,14.171481132507324,0,759.5596313476562,0
356,43_06.jpg,43,/home/pi/LAP/ImgsPart/for_face_detection/43/43_06.jpg,0,50.22139549255371,0,16.622018814086914,0,13.965916633605957,0,736.3253593444824,0
357,43_07.jpg,43,/home/pi/LAP/ImgsPart/for_face_detection/43/43_07.jpg,1,41.101741790771484,1,16.84134006500244,2,11.053824424743652,1,533.9790344238281,1
358,43_08.jpg,43,/home/pi/LAP/ImgsPart/for_face_detection/43/43_08.jpg,1,132.43930339813232,3,16.606760025024414,1,20.417356491088867,0,1029.5474767684937,1
359,43_09.jpg,43,/home/pi/LAP/ImgsPart/for_face_detection/43/43_09.jpg,1,44.05217170715332,1,19.599199295043945,1,10.882902145385742,1,527.9453277587891,1
360,43_10.jpg,43,/home/pi/LAP/ImgsPart/for_face_detection/43/43_10.jpg,0,65.68670272827148,0,16.585111618041992,0,12.434077262878418,0,715.6482458114624,0
361,44_01.jpg,44,/home/pi/LAP/ImgsPart/for_face_detection/44/44_01.jpg,3,46.43068313598633,3,16.67149066925049,2,12.503457069396973,2,680.7881355285645,1
362,44_02.jpg,44,/home/pi/LAP/ImgsPart/for_face_detection/44/44_02.jpg,1,36.49005889892578,1,16.384291648864746,1,16.510510444641113,1,869.4303274154663,1
363,44_03.jpg,44,/home/pi/LAP/ImgsPart/for_face_detection/44/44_03.jpg,18,91.1712646484375,16,16.518330574035645,13,14.973950386047363,10,883.8474273681641,9
364,44_04.jpg,44,/home/pi/LAP/ImgsPart/for_face_detection/44/44_04.jpg,3,32.634758949279785,1,18.55752468109131,0,12.558412551879883,0,744.6887969970703,0
365,44_05.jpg,44,/home/pi/LAP/ImgsPart/for_face_detection/44/44_05.jpg,1,71.15838527679443,3,16.790032386779785,1,26.830387115478516,1,1392.9551124572754,1
366,44_06.jpg,44,/home/pi/LAP/ImgsPart/for_face_detection/44/44_06.jpg,3,95.47066688537598,8,16.6520357131958,3,15.680265426635742,3,796.4030265808105,3
367,44_07.jpg,44,/home/pi/LAP/ImgsPart/for_face_detection/44/44_07.jpg,1,63.08543682098389,2,16.56169891357422,1,12.3457670211792,1,690.4489517211914,0
368,44_08.jpg,44,/home/pi/LAP/ImgsPart/for_face_detection/44/44_08.jpg,4,72.51317501068115,5,16.568350791931152,4,13.918471336364746,4,736.0183238983154,4
369,44_09.jpg,44,/home/pi/LAP/ImgsPart/for_face_detection/44/44_09.jpg,4,68.3464527130127,5,19.96016502380371,1,12.923598289489746,1,625.2697944641113,0
370,44_10.jpg,44,/home/pi/LAP/ImgsPart/for_face_detection/44/44_10.jpg,5,108.83629322052002,11,17.051076889038086,5,19.290637969970703,5,1060.1681470870972,5
371,45_01.jpg,45,/home/pi/LAP/ImgsPart/for_face_detection/45/45_01.jpg,0,59.365248680114746,1,16.735148429870605,0,23.691225051879883,0,1261.8219375610352,0
372,45_02.jpg,45,/home/pi/LAP/ImgsPart/for_face_detection/45/45_02.jpg,2,58.61921310424805,1,16.70081615447998,2,9.966826438903809,2,482.1667194366455,2
373,45_03.jpg,45,/home/pi/LAP/ImgsPart/for_face_detection/45/45_03.jpg,1,46.80376052856445,4,16.394519805908203,1,14.75527286529541,1,764.1576051712036,1
374,45_04.jpg,45,/home/pi/LAP/ImgsPart/for_face_detection/45/45_04.jpg,1,77.52909660339355,2,18.27254295349121,1,12.45260238647461,1,679.86900806427,1
375,45_05.jpg,45,/home/pi/LAP/ImgsPart/for_face_detection/45/45_05.jpg,1,62.85567283630371,1,16.58494472503662,1,13.84429931640625,1,752.4194478988647,1
376,45_06.jpg,45,/home/pi/LAP/ImgsPart/for_face_detection/45/45_06.jpg,3,88.96934986114502,4,16.412782669067383,3,16.045117378234863,3,787.3764514923096,3
377,45_07.jpg,45,/home/pi/LAP/ImgsPart/for_face_detection/45/45_07.jpg,3,67.02437400817871,3,16.822004318237305,3,16.17269515991211,3,759.0070247650146,3
378,45_08.jpg,45,/home/pi/LAP/ImgsPart/for_face_detection/45/45_08.jpg,2,38.59884738922119,2,18.653106689453125,2,10.781073570251465,2,550.2271175384521,2
379,45_09.jpg,45,/home/pi/LAP/ImgsPart/for_face_detection/45/45_09.jpg,1,85.41045188903809,1,19.17750835418701,1,12.268447875976562,0,679.5225620269775,1
380,45_10.jpg,45,/home/pi/LAP/ImgsPart/for_face_detection/45/45_10.jpg,4,79.29408550262451,8,16.56792163848877,4,11.498045921325684,4,605.4655313491821,4
381,46_01.jpg,46,/home/pi/LAP/ImgsPart/for_face_detection/46/46_01.jpg,5,65.19360542297363,7,16.898465156555176,0,12.668085098266602,0,637.1408224105835,0
382,46_02.jpg,46,/home/pi/LAP/ImgsPart/for_face_detection/46/46_02.jpg,2,137.37375736236572,18,17.40267276763916,2,18.67849826812744,2,983.6127758026123,2
383,46_03.jpg,46,/home/pi/LAP/ImgsPart/for_face_detection/46/46_03.jpg,1,84.23945903778076,1,16.57130718231201,1,28.698134422302246,1,1490.8525466918945,1
384,46_04.jpg,46,/home/pi/LAP/ImgsPart/for_face_detection/46/46_04.jpg,1,64.64688777923584,8,18.20974349975586,2,12.717390060424805,1,630.5922508239746,1
385,46_05.jpg,46,/home/pi/LAP/ImgsPart/for_face_detection/46/46_05.jpg,1,98.8851547241211,3,16.529536247253418,1,33.55703353881836,1,9438.675451278687,1
386,46_06.jpg,46,/home/pi/LAP/ImgsPart/for_face_detection/46/46_06.jpg,2,49.75593090057373,2,16.471123695373535,2,12.359285354614258,2,999.6452808380127,2
387,46_07.jpg,46,/home/pi/LAP/ImgsPart/for_face_detection/46/46_07.jpg,4,66.1142349243164,4,16.540026664733887,4,12.421703338623047,3,647.9256868362427,2
388,46_08.jpg,46,/home/pi/LAP/ImgsPart/for_face_detection/46/46_08.jpg,1,83.32877159118652,3,18.509793281555176,1,18.213677406311035,1,1078.9335012435913,1
389,46_09.jpg,46,/home/pi/LAP/ImgsPart/for_face_detection/46/46_09.jpg,1,49.40142631530762,1,16.878342628479004,1,27.922344207763672,1,1705.4697513580322,1
390,46_10.jpg,46,/home/pi/LAP/ImgsPart/for_face_detection/46/46_10.jpg,1,39.07485008239746,1,16.722583770751953,1,12.643003463745117,1,750.9668588638306,1
391,47_01.jpg,47,/home/pi/LAP/ImgsPart/for_face_detection/47/47_01.jpg,0,78.44314575195312,3,16.8687105178833,0,12.460994720458984,0,647.3978519439697,0
392,47_02.jpg,47,/home/pi/LAP/ImgsPart/for_face_detection/47/47_02.jpg,1,56.672000885009766,1,16.45371913909912,1,18.546414375305176,0,1013.1170272827148,1
393,47_03.jpg,47,/home/pi/LAP/ImgsPart/for_face_detection/47/47_03.jpg,1,120.21126747131348,5,18.517255783081055,1,18.02830696105957,1,1006.3637495040894,1
394,47_04.jpg,47,/home/pi/LAP/ImgsPart/for_face_detection/47/47_04.jpg,1,101.74083709716797,1,16.672468185424805,4,24.85640048980713,1,1299.8726606369019,1
395,47_05.jpg,47,/home/pi/LAP/ImgsPart/for_face_detection/47/47_05.jpg,1,53.8834810256958,1,16.568493843078613,1,18.592023849487305,1,1011.902666091919,1
396,47_06.jpg,47,/home/pi/LAP/ImgsPart/for_face_detection/47/47_06.jpg,0,109.96737480163574,1,16.69483184814453,0,13.908028602600098,0,730.7162284851074,0
397,47_07.jpg,47,/home/pi/LAP/ImgsPart/for_face_detection/47/47_07.jpg,1,53.49605083465576,0,16.855287551879883,1,12.497973442077637,0,639.5139217376709,1
398,47_08.jpg,47,/home/pi/LAP/ImgsPart/for_face_detection/47/47_08.jpg,1,45.96264362335205,2,19.164228439331055,1,18.912649154663086,1,989.8361682891846,1
399,47_09.jpg,47,/home/pi/LAP/ImgsPart/for_face_detection/47/47_09.jpg,3,54.06825542449951,5,16.52092933654785,3,12.376666069030762,3,639.1030788421631,3
400,47_10.jpg,47,/home/pi/LAP/ImgsPart/for_face_detection/47/47_10.jpg,1,32.05249309539795,2,18.748831748962402,1,13.819670677185059,1,624.3090152740479,1
401,48_01.jpg,48,/home/pi/LAP/ImgsPart/for_face_detection/48/48_01.jpg,0,123.4320878982544,4,16.763687133789062,0,12.952518463134766,0,685.1330041885376,1
402,48_02.jpg,48,/home/pi/LAP/ImgsPart/for_face_detection/48/48_02.jpg,2,88.14282417297363,4,16.60001277923584,2,12.70601749420166,2,647.1606254577637,2
403,48_03.jpg,48,/home/pi/LAP/ImgsPart/for_face_detection/48/48_03.jpg,0,56.786155700683594,2,18.407797813415527,0,14.41502571105957,0,658.6982011795044,0
404,48_04.jpg,48,/home/pi/LAP/ImgsPart/for_face_detection/48/48_04.jpg,1,88.01636695861816,3,16.866374015808105,1,26.043033599853516,0,1461.3659858703613,1
405,48_05.jpg,48,/home/pi/LAP/ImgsPart/for_face_detection/48/48_05.jpg,15,80.67779541015625,18,16.61684513092041,0,12.66317367553711,0,731.2103748321533,0
406,48_06.jpg,48,/home/pi/LAP/ImgsPart/for_face_detection/48/48_06.jpg,1,58.26082229614258,2,17.19844341278076,1,27.413010597229004,1,3334.816074371338,1
407,48_07.jpg,48,/home/pi/LAP/ImgsPart/for_face_detection/48/48_07.jpg,2,93.351149559021,5,16.521930694580078,2,23.29106330871582,2,1836.0665798187256,2
408,48_08.jpg,48,/home/pi/LAP/ImgsPart/for_face_detection/48/48_08.jpg,1,201.93793773651123,5,19.894981384277344,1,24.702143669128418,1,1384.4901084899902,1
409,48_09.jpg,48,/home/pi/LAP/ImgsPart/for_face_detection/48/48_09.jpg,1,142.18413829803467,5,17.618989944458008,1,29.174017906188965,1,1744.5268154144287,1
410,48_10.jpg,48,/home/pi/LAP/ImgsPart/for_face_detection/48/48_10.jpg,0,77.42626667022705,1,16.638922691345215,0,12.77761459350586,0,856.2471866607666,1
411,49_01.jpg,49,/home/pi/LAP/ImgsPart/for_face_detection/49/49_01.jpg,3,50.68521499633789,4,16.666531562805176,3,10.733938217163086,3,579.6051502227783,3
412,49_02.jpg,49,/home/pi/LAP/ImgsPart/for_face_detection/49/49_02.jpg,2,111.54119968414307,4,16.446471214294434,2,12.288665771484375,2,698.2207298278809,2
413,49_03.jpg,49,/home/pi/LAP/ImgsPart/for_face_detection/49/49_03.jpg,1,56.99810981750488,1,17.39206314086914,1,13.814210891723633,1,830.5325984954834,1
414,49_04.jpg,49,/home/pi/LAP/ImgsPart/for_face_detection/49/49_04.jpg,4,95.14005184173584,4,16.29917621612549,4,12.165021896362305,4,739.2164707183838,4
415,49_05.jpg,49,/home/pi/LAP/ImgsPart/for_face_detection/49/49_05.jpg,2,78.7848949432373,3,17.502331733703613,2,23.6860990524292,2,1375.6784200668335,2
416,49_06.jpg,49,/home/pi/LAP/ImgsPart/for_face_detection/49/49_06.jpg,1,64.37764167785645,1,16.56639575958252,1,27.997946739196777,1,1983.2196474075317,1
417,49_07.jpg,49,/home/pi/LAP/ImgsPart/for_face_detection/49/49_07.jpg,1,115.93372821807861,4,18.192744255065918,1,18.333888053894043,1,1747.0054626464844,1
418,49_08.jpg,49,/home/pi/LAP/ImgsPart/for_face_detection/49/49_08.jpg,2,141.55991077423096,5,16.54210090637207,2,25.0154972076416,2,2534.564447402954,2
419,49_09.jpg,49,/home/pi/LAP/ImgsPart/for_face_detection/49/49_09.jpg,1,65.03114700317383,1,16.497278213500977,1,10.090923309326172,1,625.395131111145,1
420,49_10.jpg,49,/home/pi/LAP/ImgsPart/for_face_detection/49/49_10.jpg,1,138.187837600708,1,16.96751117706299,1,25.704050064086914,1,1914.3019914627075,1
421,50_01.jpg,50,/home/pi/LAP/ImgsPart/for_face_detection/50/50_01.jpg,5,61.409735679626465,4,16.55864715576172,5,12.777471542358398,5,1279.6681880950928,5
422,50_02.jpg,50,/home/pi/LAP/ImgsPart/for_face_detection/50/50_02.jpg,11,79.57890033721924,15,21.295738220214844,6,12.505650520324707,3,656.1100959777832,1
423,50_03.jpg,50,/home/pi/LAP/ImgsPart/for_face_detection/50/50_03.jpg,3,69.12288665771484,4,16.437840461730957,3,12.158465385437012,2,699.569296836853,3
424,50_04.jpg,50,/home/pi/LAP/ImgsPart/for_face_detection/50/50_04.jpg,0,83.38508605957031,2,16.60020351409912,0,13.59262466430664,0,751.247763633728,0
425,50_05.jpg,50,/home/pi/LAP/ImgsPart/for_face_detection/50/50_05.jpg,5,79.86669540405273,8,16.579580307006836,5,12.671160697937012,5,654.7136306762695,5
426,50_06.jpg,50,/home/pi/LAP/ImgsPart/for_face_detection/50/50_06.jpg,4,63.09976577758789,7,17.220473289489746,4,14.597845077514648,3,1040.0745391845703,4
427,50_07.jpg,50,/home/pi/LAP/ImgsPart/for_face_detection/50/50_07.jpg,2,77.73609161376953,5,19.167661666870117,2,15.631294250488281,2,757.455325126648,2
428,50_08.jpg,50,/home/pi/LAP/ImgsPart/for_face_detection/50/50_08.jpg,5,66.0611629486084,7,16.28134250640869,5,15.219283103942871,4,770.4722881317139,5
429,50_09.jpg,50,/home/pi/LAP/ImgsPart/for_face_detection/50/50_09.jpg,2,55.15265464782715,2,16.732025146484375,2,13.274526596069336,2,781.9734573364258,2
430,50_10.jpg,50,/home/pi/LAP/ImgsPart/for_face_detection/50/50_10.jpg,1,120.32554149627686,3,16.464948654174805,1,15.042948722839355,1,883.7481498718262,1
431,53_01.jpg,53,/home/pi/LAP/ImgsPart/for_face_detection/53/53_01.jpg,0,67.31376647949219,1,16.603684425354004,0,12.392807006835938,0,683.5575580596924,0
432,53_02.jpg,53,/home/pi/LAP/ImgsPart/for_face_detection/53/53_02.jpg,0,62.1549129486084,0,19.82729434967041,0,12.441396713256836,0,682.612156867981,0
433,53_03.jpg,53,/home/pi/LAP/ImgsPart/for_face_detection/53/53_03.jpg,1,64.0756607055664,1,16.72670841217041,1,13.368749618530273,1,862.2521877288818,1
434,53_04.jpg,53,/home/pi/LAP/ImgsPart/for_face_detection/53/53_04.jpg,2,50.62909126281738,1,17.0058012008667,2,13.337230682373047,0,613.6362791061401,2
435,53_05.jpg,53,/home/pi/LAP/ImgsPart/for_face_detection/53/53_05.jpg,1,55.33425807952881,1,16.56932830810547,1,11.97657585144043,1,635.5851411819458,1
436,53_06.jpg,53,/home/pi/LAP/ImgsPart/for_face_detection/53/53_06.jpg,1,79.89935874938965,5,16.6107177734375,2,10.40806770324707,1,586.1409902572632,1
437,53_07.jpg,53,/home/pi/LAP/ImgsPart/for_face_detection/53/53_07.jpg,2,73.17192554473877,9,17.689871788024902,2,12.859010696411133,2,679.078221321106,3
438,53_08.jpg,53,/home/pi/LAP/ImgsPart/for_face_detection/53/53_08.jpg,2,136.03754043579102,9,16.53754711151123,2,19.058680534362793,1,1174.2763757705688,2
439,53_09.jpg,53,/home/pi/LAP/ImgsPart/for_face_detection/53/53_09.jpg,0,64.47610855102539,0,16.82910919189453,0,12.12301254272461,0,688.8782501220703,0
440,53_10.jpg,53,/home/pi/LAP/ImgsPart/for_face_detection/53/53_10.jpg,9,65.53280353546143,9,16.844511032104492,9,12.421941757202148,9,680.6026220321655,9
441,54_01.jpg,54,/home/pi/LAP/ImgsPart/for_face_detection/54/54_01.jpg,2,56.471896171569824,2,16.8623685836792,2,10.771465301513672,2,515.4492378234863,2
442,54_02.jpg,54,/home/pi/LAP/ImgsPart/for_face_detection/54/54_02.jpg,11,54.85105514526367,9,17.663145065307617,0,9.106159210205078,0,452.38778591156006,0
443,54_03.jpg,54,/home/pi/LAP/ImgsPart/for_face_detection/54/54_03.jpg,1,134.38501358032227,6,17.273497581481934,1,14.269423484802246,0,755.3366661071777,1
444,54_04.jpg,54,/home/pi/LAP/ImgsPart/for_face_detection/54/54_04.jpg,1,68.58305931091309,1,16.309022903442383,1,14.057302474975586,1,738.8843774795532,1
445,54_05.jpg,54,/home/pi/LAP/ImgsPart/for_face_detection/54/54_05.jpg,1,137.43467330932617,9,16.639995574951172,1,27.480673789978027,0,1896.5985774993896,1
446,54_06.jpg,54,/home/pi/LAP/ImgsPart/for_face_detection/54/54_06.jpg,2,112.64505386352539,4,17.758560180664062,0,14.003992080688477,0,1602.7711153030396,0
447,54_07.jpg,54,/home/pi/LAP/ImgsPart/for_face_detection/54/54_07.jpg,2,45.97506523132324,2,18.200159072875977,2,14.264917373657227,2,811.6747379302979,2
448,54_08.jpg,54,/home/pi/LAP/ImgsPart/for_face_detection/54/54_08.jpg,3,55.98602294921875,5,16.727805137634277,3,12.027215957641602,3,593.3475017547607,3
449,54_09.jpg,54,/home/pi/LAP/ImgsPart/for_face_detection/54/54_09.jpg,5,54.37419414520264,8,16.428732872009277,1,13.997316360473633,1,728.8116216659546,1
450,54_10.jpg,54,/home/pi/LAP/ImgsPart/for_face_detection/54/54_10.jpg,3,142.0367956161499,4,16.41974449157715,3,24.64778423309326,3,1804.820466041565,3
451,55_01.jpg,55,/home/pi/LAP/ImgsPart/for_face_detection/55/55_01.jpg,3,69.22450065612793,7,16.79511070251465,5,12.436532974243164,3,783.5865020751953,3
452,55_02.jpg,55,/home/pi/LAP/ImgsPart/for_face_detection/55/55_02.jpg,2,88.54551315307617,5,18.23554039001465,2,17.9720401763916,2,1165.230393409729,2
453,55_03.jpg,55,/home/pi/LAP/ImgsPart/for_face_detection/55/55_03.jpg,2,42.02711582183838,3,16.57121181488037,3,9.726595878601074,2,536.9048833847046,3
454,55_04.jpg,55,/home/pi/LAP/ImgsPart/for_face_detection/55/55_04.jpg,1,30.561542510986328,1,16.869068145751953,1,14.166879653930664,1,657.0641756057739,1
455,55_05.jpg,55,/home/pi/LAP/ImgsPart/for_face_detection/55/55_05.jpg,6,73.64327907562256,7,16.403937339782715,1,14.299917221069336,1,730.2573442459106,1
456,55_06.jpg,55,/home/pi/LAP/ImgsPart/for_face_detection/55/55_06.jpg,3,39.179253578186035,5,16.54350757598877,3,7.550525665283203,3,399.9164342880249,3
457,55_07.jpg,55,/home/pi/LAP/ImgsPart/for_face_detection/55/55_07.jpg,8,56.70914649963379,8,18.752217292785645,3,13.747000694274902,1,751.5255689620972,0
458,55_08.jpg,55,/home/pi/LAP/ImgsPart/for_face_detection/55/55_08.jpg,6,80.3462028503418,10,17.05641746520996,6,13.64908218383789,6,745.3109264373779,5
459,55_09.jpg,55,/home/pi/LAP/ImgsPart/for_face_detection/55/55_09.jpg,7,50.781965255737305,7,16.58022403717041,5,14.43016529083252,4,844.4363355636597,1
460,55_10.jpg,55,/home/pi/LAP/ImgsPart/for_face_detection/55/55_10.jpg,4,54.52280044555664,7,16.744709014892578,5,14.410233497619629,5,774.0798950195312,5
461,55_11.jpg,55,/home/pi/LAP/ImgsPart/for_face_detection/55/55_11.jpg,4,61.37850284576416,4,17.136144638061523,4,13.639497756958008,4,708.2306861877441,4
462,56_01.jpg,56,/home/pi/LAP/ImgsPart/for_face_detection/56/56_01.jpg,0,50.51147937774658,1,16.78948402404785,0,11.879682540893555,0,604.9128770828247,0
463,56_02.jpg,56,/home/pi/LAP/ImgsPart/for_face_detection/56/56_02.jpg,1,70.76013088226318,8,17.64812469482422,1,12.173700332641602,1,619.2934513092041,1
464,56_03.jpg,56,/home/pi/LAP/ImgsPart/for_face_detection/56/56_03.jpg,1,119.9744701385498,5,16.57276153564453,1,27.202582359313965,1,3397.27885723114,1
465,56_04.jpg,56,/home/pi/LAP/ImgsPart/for_face_detection/56/56_04.jpg,2,83.10854434967041,8,16.507720947265625,3,12.39008903503418,3,989.75510597229,3
466,56_05.jpg,56,/home/pi/LAP/ImgsPart/for_face_detection/56/56_05.jpg,6,64.08135890960693,7,16.542816162109375,6,9.424018859863281,6,514.2197847366333,7
467,56_06.jpg,56,/home/pi/LAP/ImgsPart/for_face_detection/56/56_06.jpg,2,54.267334938049316,2,17.011237144470215,2,11.800718307495117,2,602.7474164962769,2
468,56_07.jpg,56,/home/pi/LAP/ImgsPart/for_face_detection/56/56_07.jpg,6,87.19165325164795,7,17.689919471740723,1,14.604520797729492,0,705.7394742965698,0
469,56_08.jpg,56,/home/pi/LAP/ImgsPart/for_face_detection/56/56_08.jpg,3,53.734803199768066,4,18.66276264190674,3,11.28239631652832,3,644.5959568023682,3
470,56_09.jpg,56,/home/pi/LAP/ImgsPart/for_face_detection/56/56_09.jpg,4,56.363582611083984,9,16.593480110168457,3,10.732054710388184,4,539.39528465271,4
471,56_10.jpg,56,/home/pi/LAP/ImgsPart/for_face_detection/56/56_10.jpg,1,119.1256046295166,2,16.99225902557373,1,23.891615867614746,1,1524.9733686447144,1
472,57_01.jpg,57,/home/pi/LAP/ImgsPart/for_face_detection/57/57_01.jpg,0,52.09071636199951,0,17.525863647460938,0,10.336136817932129,0,559.3402147293091,0
473,57_02.jpg,57,/home/pi/LAP/ImgsPart/for_face_detection/57/57_02.jpg,1,38.05551528930664,1,17.007732391357422,1,14.144563674926758,1,786.3666534423828,1
474,57_03.jpg,57,/home/pi/LAP/ImgsPart/for_face_detection/57/57_03.jpg,0,41.90776348114014,0,16.308069229125977,0,13.722419738769531,0,798.6680507659912,0
475,57_04.jpg,57,/home/pi/LAP/ImgsPart/for_face_detection/57/57_04.jpg,0,136.51609420776367,0,16.75403118133545,0,27.787256240844727,0,1657.6006412506104,0
476,57_05.jpg,57,/home/pi/LAP/ImgsPart/for_face_detection/57/57_05.jpg,1,165.78826904296875,2,16.559338569641113,1,25.56917667388916,1,5174.771022796631,1
477,57_06.jpg,57,/home/pi/LAP/ImgsPart/for_face_detection/57/57_06.jpg,0,47.04132080078125,0,19.029784202575684,0,12.303423881530762,0,922.4221229553223,0
478,57_07.jpg,57,/home/pi/LAP/ImgsPart/for_face_detection/57/57_07.jpg,2,135.51976680755615,1,16.527605056762695,2,24.970316886901855,2,3306.497383117676,2
479,57_08.jpg,57,/home/pi/LAP/ImgsPart/for_face_detection/57/57_08.jpg,3,107.8026533126831,8,17.00007915496826,3,16.427159309387207,2,1044.0800666809082,4
480,57_09.jpg,57,/home/pi/LAP/ImgsPart/for_face_detection/57/57_09.jpg,0,163.21167945861816,3,16.254162788391113,0,24.87492561340332,0,1439.4586563110352,0
481,57_10.jpg,57,/home/pi/LAP/ImgsPart/for_face_detection/57/57_10.jpg,0,60.254859924316406,0,16.573333740234375,0,12.247800827026367,0,687.6703023910522,0
482,58_01.jpg,58,/home/pi/LAP/ImgsPart/for_face_detection/58/58_01.jpg,0,77.16712951660156,2,18.545150756835938,0,16.130852699279785,0,858.5534334182739,0
483,58_02.jpg,58,/home/pi/LAP/ImgsPart/for_face_detection/58/58_02.jpg,14,92.25938320159912,15,17.488622665405273,1,12.316513061523438,0,781.7013740539551,0
484,58_03.jpg,58,/home/pi/LAP/ImgsPart/for_face_detection/58/58_03.jpg,0,39.202022552490234,0,16.61663055419922,0,10.73155403137207,0,564.5656108856201,0
485,58_04.jpg,58,/home/pi/LAP/ImgsPart/for_face_detection/58/58_04.jpg,26,59.072041511535645,15,16.26889705657959,0,14.941763877868652,0,672.112512588501,0
486,58_05.jpg,58,/home/pi/LAP/ImgsPart/for_face_detection/58/58_05.jpg,1,112.40098476409912,2,16.795706748962402,1,27.57394313812256,1,3193.931031227112,1
487,58_06.jpg,58,/home/pi/LAP/ImgsPart/for_face_detection/58/58_06.jpg,0,70.48928737640381,1,19.215726852416992,0,12.131476402282715,0,970.0738906860352,0
488,58_07.jpg,58,/home/pi/LAP/ImgsPart/for_face_detection/58/58_07.jpg,24,54.613471031188965,24,16.896343231201172,0,7.8026533126831055,0,444.7946071624756,0
489,58_08.jpg,58,/home/pi/LAP/ImgsPart/for_face_detection/58/58_08.jpg,0,50.87473392486572,0,16.65494441986084,0,12.432527542114258,0,802.9130935668945,0
490,58_09.jpg,58,/home/pi/LAP/ImgsPart/for_face_detection/58/58_09.jpg,24,69.1446304321289,27,16.59262180328369,0,9.205365180969238,0,504.0788173675537,0
491,58_10.jpg,58,/home/pi/LAP/ImgsPart/for_face_detection/58/58_10.jpg,2,84.1831922531128,5,16.602444648742676,2,22.725582122802734,2,1533.582067489624,2
492,59_01.jpg,59,/home/pi/LAP/ImgsPart/for_face_detection/59/59_01.jpg,1,60.11993885040283,2,19.70674991607666,1,14.710450172424316,1,756.7348718643188,1
493,59_02.jpg,59,/home/pi/LAP/ImgsPart/for_face_detection/59/59_02.jpg,1,43.514275550842285,1,16.449475288391113,1,13.197803497314453,1,700.0100374221802,1
494,59_03.jpg,59,/home/pi/LAP/ImgsPart/for_face_detection/59/59_03.jpg,1,57.466840744018555,1,16.695141792297363,1,13.068795204162598,1,694.4467306137085,1
495,59_04.jpg,59,/home/pi/LAP/ImgsPart/for_face_detection/59/59_04.jpg,1,46.802425384521484,3,16.805195808410645,1,12.819814682006836,1,752.0024538040161,1
496,59_05.jpg,59,/home/pi/LAP/ImgsPart/for_face_detection/59/59_05.jpg,1,89.08228874206543,1,16.605520248413086,1,27.05509662628174,1,1728.358793258667,1
497,59_06.jpg,59,/home/pi/LAP/ImgsPart/for_face_detection/59/59_06.jpg,2,47.76864051818848,2,19.933533668518066,2,12.555241584777832,2,842.6822662353516,2
498,59_07.jpg,59,/home/pi/LAP/ImgsPart/for_face_detection/59/59_07.jpg,0,93.98932456970215,1,16.474509239196777,0,13.210415840148926,0,764.44411277771,0
499,59_08.jpg,59,/home/pi/LAP/ImgsPart/for_face_detection/59/59_08.jpg,2,28.40588092803955,2,16.64102077484131,2,7.287311553955078,1,454.0978670120239,2
500,59_09.jpg,59,/home/pi/LAP/ImgsPart/for_face_detection/59/59_09.jpg,1,57.37037658691406,2,16.743159294128418,1,12.556123733520508,1,661.4177942276001,1
501,59_10.jpg,59,/home/pi/LAP/ImgsPart/for_face_detection/59/59_10.jpg,1,100.65109729766846,1,16.273856163024902,1,28.57823371887207,1,8526.009917259216,1
502,61_01.jpg,61,/home/pi/LAP/ImgsPart/for_face_detection/61/61_01.jpg,0,60.41748523712158,5,18.619680404663086,0,12.246346473693848,0,1389.5262956619263,0
503,61_02.jpg,61,/home/pi/LAP/ImgsPart/for_face_detection/61/61_02.jpg,8,77.64220237731934,10,16.515278816223145,8,10.864520072937012,8,607.9045534133911,8
504,61_03.jpg,61,/home/pi/LAP/ImgsPart/for_face_detection/61/61_03.jpg,1,112.91747093200684,9,16.815567016601562,1,26.67560577392578,1,2156.6722869873047,1
505,61_04.jpg,61,/home/pi/LAP/ImgsPart/for_face_detection/61/61_04.jpg,0,55.388569831848145,1,16.747522354125977,0,9.899282455444336,0,599.3339776992798,0
506,61_05.jpg,61,/home/pi/LAP/ImgsPart/for_face_detection/61/61_05.jpg,1,67.84405708312988,2,17.591524124145508,1,14.360547065734863,1,806.1460018157959,1
507,61_06.jpg,61,/home/pi/LAP/ImgsPart/for_face_detection/61/61_06.jpg,1,94.22528743743896,3,18.941044807434082,1,23.641157150268555,1,1319.8861598968506,1
508,61_07.jpg,61,/home/pi/LAP/ImgsPart/for_face_detection/61/61_07.jpg,2,77.01342105865479,2,16.403555870056152,2,13.826775550842285,2,726.7960071563721,2
509,61_08.jpg,61,/home/pi/LAP/ImgsPart/for_face_detection/61/61_08.jpg,1,96.0268497467041,6,16.831517219543457,1,29.622650146484375,1,1698.5463857650757,1
510,61_09.jpg,61,/home/pi/LAP/ImgsPart/for_face_detection/61/61_09.jpg,1,62.850189208984375,1,16.755223274230957,1,30.604004859924316,1,8432.605576515198,1
511,61_10.jpg,61,/home/pi/LAP/ImgsPart/for_face_detection/61/61_10.jpg,1,110.12444496154785,4,16.589689254760742,1,25.248050689697266,1,2843.876552581787,2
